Month,t2.medium
10000,1159
10001,1159
10002,1159
10003,1159
10004,1159
10005,1159
10006,1159
10007,1159
10008,1159
10009,1159
10010,1159
10011,1159
10012,1159
10013,1159
10014,1159
10015,1159
10016,1159
10017,1159
10018,1159
10019,1159
10020,1159
10021,1159
10022,1159
10023,1159
10024,1159
10025,1159
10026,1159
10027,1159
10028,1159
10029,1159
10030,1159
10031,1159
10032,1159
10033,1159
10034,1159
10035,1159
10036,1159
10037,1159
10038,1159
10039,1159
10040,1159
10041,1159
10042,1159
10043,1159
10044,1159
10045,1159
10046,1159
10047,1159
10048,1159
10049,1159
10050,1159
10051,1159
10052,1159
10053,1159
10054,1159
10055,1159
10056,1159
10057,1159
10058,1159
10059,1159
10060,1159
10061,1159
10062,1159
10063,1159
10064,1159
10065,1159
10066,1159
10067,1159
10068,1159
10069,1159
10070,1159
10071,1159
10072,1159
10073,1159
10074,1159
10075,1159
10076,1159
10077,1159
10078,1159
10079,1159
10080,1159
10081,1159
10082,1159
10083,1159
10084,1159
10085,1159
10086,1159
10087,1159
10088,1159
10089,1159
10090,1159
10091,1159
10092,1159
10093,1159
10094,1159
10095,1159
10096,1159
10097,1159
10098,1159
10099,1159
10100,1159
10101,1159
10102,1159
10103,1159
10104,1159
10105,1159
10106,1159
10107,1159
10108,1159
10109,1159
10110,1159
10111,1159
10112,1159
10113,1159
10114,1159
10115,1159
10116,1159
10117,1159
10118,1159
10119,1159
10120,1159
10121,1159
10122,1159
10123,1159
10124,1159
10125,1159
10126,1159
10127,1159
10128,1159
10129,1159
10130,1159
10131,1159
10132,1159
10133,1159
10134,1159
10135,1159
10136,1159
10137,1159
10138,1159
10139,1159
10140,1159
10141,1159
10142,1159
10143,1159
10144,1159
10145,1159
10146,1159
10147,1159
10148,1159
10149,1159
10150,1159
10151,1159
10152,1159
10153,1159
10154,1159
10155,1159
10156,1159
10157,1159
10158,1159
10159,1159
10160,1159
10161,1159
10162,1159
10163,1159
10164,1159
10165,1159
10166,1159
10167,1159
10168,1159
10169,1159
10170,1159
10171,1159
10172,1159
10173,1159
10174,1159
10175,1159
10176,1159
10177,1159
10178,1159
10179,1159
10180,1159
10181,1159
10182,1159
10183,1159
10184,1159
10185,1159
10186,1159
10187,1159
10188,1159
10189,1159
10190,1159
10191,1159
10192,1159
10193,1159
10194,1159
10195,1159
10196,1159
10197,1159
10198,1159
10199,1159
10200,1159
10201,1159
10202,1159
10203,1159
10204,1159
10205,1159
10206,1159
10207,1159
10208,1159
10209,1159
10210,1159
10211,1159
10212,1159
10213,1159
10214,1159
10215,1159
10216,1159
10217,1159
10218,1159
10219,1159
10220,1159
10221,1159
10222,1159
10223,1159
10224,1159
10225,1159
10226,1159
10227,1159
10228,1159
10229,1159
10230,1159
10231,1159
10232,1159
10233,1159
10234,1159
10235,1159
10236,1159
10237,1159
10238,1159
10239,1159
10240,1159
10241,1159
10242,1159
10243,1159
10244,1159
10245,1159
10246,1159
10247,1159
10248,1159
10249,1159
10250,1159
10251,1159
10252,1159
10253,1159
10254,1159
10255,1159
10256,1159
10257,1159
10258,1159
10259,1159
10260,1159
10261,1159
10262,1159
10263,1159
10264,1159
10265,1159
10266,1159
10267,1159
10268,1159
10269,1159
10270,1159
10271,1159
10272,1159
10273,1159
10274,1159
10275,1159
10276,1159
10277,1159
10278,1159
10279,1159
10280,1159
10281,1159
10282,1159
10283,1159
10284,1159
10285,1159
10286,1159
10287,1159
10288,1159
10289,1159
10290,1159
10291,1159
10292,1159
10293,1159
10294,1159
10295,1159
10296,1159
10297,1159
10298,1159
10299,1159
10300,1159
10301,1159
10302,1159
10303,1159
10304,1159
10305,1159
10306,1159
10307,1159
10308,1159
10309,1159
10310,1159
10311,1159
10312,1159
10313,1159
10314,1159
10315,1159
10316,1159
10317,1159
10318,1159
10319,1159
10320,1159
10321,1159
10322,1159
10323,1159
10324,1159
10325,1159
10326,1159
10327,1159
10328,1159
10329,1159
10330,1159
10331,1159
10332,1159
10333,1159
10334,1159
10335,1159
10336,1159
10337,1159
10338,1159
10339,1159
10340,1159
10341,1159
10342,1159
10343,1159
10344,1159
10345,1159
10346,1159
10347,1159
10348,1159
10349,1159
10350,1159
10351,1159
10352,1159
10353,1159
10354,1159
10355,1159
10356,1159
10357,1159
10358,1159
10359,1159
10360,1159
10361,1159
10362,1159
10363,1159
10364,1159
10365,1159
10366,1159
10367,1159
10368,1159
10369,1159
10370,1159
10371,1159
10372,1159
10373,1159
10374,1159
10375,1159
10376,1159
10377,1159
10378,1159
10379,1159
10380,1159
10381,1159
10382,1159
10383,1159
10384,1159
10385,1159
10386,1159
10387,1159
10388,1159
10389,1159
10390,1159
10391,1159
10392,1159
10393,1159
10394,1159
10395,1159
10396,1159
10397,1159
10398,1159
10399,1159
10400,1159
10401,1159
10402,1159
10403,1159
10404,1159
10405,1159
10406,1159
10407,1159
10408,1159
10409,1159
10410,1159
10411,1159
10412,1159
10413,1159
10414,1159
10415,1159
10416,1159
10417,1159
10418,1159
10419,1159
10420,1159
10421,1159
10422,1159
10423,1159
10424,1159
10425,1159
10426,1159
10427,1159
10428,1159
10429,1159
10430,1159
10431,1159
10432,1159
10433,1159
10434,1159
10435,1159
10436,1159
10437,1159
10438,1159
10439,1159
10440,1159
10441,1159
10442,1159
10443,1159
10444,1159
10445,1159
10446,1159
10447,1159
10448,1159
10449,1159
10450,1159
10451,1159
10452,1159
10453,1159
10454,1159
10455,1159
10456,1159
10457,1159
10458,1159
10459,1159
10460,1159
10461,1159
10462,1159
10463,1159
10464,1159
10465,1159
10466,1159
10467,1159
10468,1159
10469,1159
10470,1159
10471,1159
10472,1159
10473,1159
10474,1159
10475,1159
10476,1159
10477,1159
10478,1159
10479,1159
10480,1159
10481,1159
10482,1159
10483,1159
10484,1159
10485,1159
10486,1159
10487,1159
10488,1159
10489,1159
10490,1159
10491,1159
10492,1159
10493,1159
10494,1159
10495,1159
10496,1159
10497,1159
10498,1159
10499,1159
10500,1159
10501,1159
10502,1159
10503,1159
10504,1159
10505,1159
10506,1159
10507,1159
10508,1159
10509,1159
10510,1159
10511,1159
10512,1159
10513,1159
10514,1159
10515,1159
10516,1159
10517,1159
10518,1159
10519,1159
10520,1159
10521,1159
10522,1159
10523,1159
10524,1159
10525,1159
10526,1159
10527,1159
10528,1159
10529,1159
10530,1159
10531,1159
10532,1159
10533,1159
10534,1159
10535,1159
10536,1159
10537,1159
10538,1159
10539,1159
10540,1159
10541,1159
10542,1159
10543,1159
10544,1159
10545,1159
10546,1159
10547,1159
10548,1159
10549,1159
10550,1159
10551,1159
10552,1159
10553,1159
10554,1159
10555,1159
10556,1159
10557,1159
10558,1159
10559,1159
10560,1159
10561,1159
10562,1159
10563,1159
10564,1159
10565,1159
10566,1159
10567,1159
10568,1159
10569,1159
10570,1159
10571,1159
10572,1159
10573,1159
10574,1159
10575,1159
10576,1159
10577,1159
10578,1159
10579,1159
10580,1159
10581,1159
10582,1159
10583,1159
10584,1159
10585,1159
10586,1159
10587,1159
10588,1159
10589,1159
10590,1159
10591,1159
10592,1159
10593,1159
10594,1159
10595,1159
10596,1159
10597,1159
10598,1159
10599,1159
10600,1159
10601,1159
10602,1159
10603,1159
10604,1159
10605,1159
10606,1159
10607,1159
10608,1159
10609,1159
10610,1159
10611,1159
10612,1159
10613,1159
10614,1159
10615,1159
10616,1159
10617,1159
10618,1159
10619,1159
10620,1159
10621,1159
10622,1159
10623,1159
10624,1159
10625,1159
10626,1159
10627,1159
10628,1159
10629,1159
10630,1159
10631,1159
10632,1159
10633,1159
10634,1159
10635,1159
10636,1159
10637,1159
10638,1159
10639,1159
10640,1159
10641,1159
10642,1159
10643,1159
10644,1159
10645,1159
10646,1159
10647,1159
10648,1159
10649,1159
10650,1159
10651,1159
10652,1159
10653,1159
10654,1159
10655,1159
10656,1159
10657,1159
10658,1159
10659,1159
10660,1159
10661,1159
10662,1159
10663,1159
10664,1159
10665,1159
10666,1159
10667,1159
10668,1159
10669,1159
10670,1159
10671,1159
10672,1159
10673,1159
10674,1159
10675,1159
10676,1159
10677,1159
10678,1159
10679,1159
10680,1159
10681,1159
10682,1159
10683,1159
10684,1159
10685,1159
10686,1159
10687,1159
10688,1159
10689,1159
10690,1159
10691,1159
10692,1159
10693,1159
10694,1159
10695,1159
10696,1159
10697,1159
10698,1159
10699,1159
10700,1159
10701,1159
10702,1159
10703,1159
10704,1159
10705,1159
10706,1159
10707,1159
10708,1159
10709,1159
10710,1159
10711,1159
10712,1159
10713,1159
10714,1159
10715,1159
10716,1159
10717,1159
10718,1159
10719,1159
10720,1159
10721,1159
10722,1159
10723,1159
10724,1159
10725,1159
10726,1159
10727,1159
10728,1159
10729,1159
10730,1159
10731,1159
10732,1159
10733,1159
10734,1159
10735,1159
10736,1159
10737,1159
10738,1159
10739,1159
10740,1159
10741,1159
10742,1159
10743,1159
10744,991
10745,991
10746,991
10747,991
10748,991
10749,991
10750,991
10751,991
10752,991
10753,991
10754,991
10755,991
10756,991
10757,991
10758,991
10759,991
10760,991
10761,991
10762,991
10763,991
10764,991
10765,991
10766,991
10767,991
10768,991
10769,991
10770,991
10771,991
10772,991
10773,991
10774,991
10775,991
10776,991
10777,991
10778,991
10779,991
10780,991
10781,991
10782,991
10783,991
10784,991
10785,991
10786,991
10787,991
10788,991
10789,991
10790,991
10791,991
10792,991
10793,991
10794,991
10795,991
10796,991
10797,991
10798,991
10799,991
10800,991
10801,991
10802,991
10803,991
10804,991
10805,991
10806,991
10807,991
10808,991
10809,991
10810,991
10811,991
10812,991
10813,991
10814,991
10815,991
10816,991
10817,991
10818,991
10819,991
10820,991
10821,991
10822,991
10823,991
10824,991
10825,991
10826,991
10827,991
10828,991
10829,991
10830,991
10831,991
10832,991
10833,991
10834,991
10835,991
10836,991
10837,991
10838,991
10839,991
10840,991
10841,991
10842,991
10843,991
10844,991
10845,991
10846,991
10847,991
10848,991
10849,991
10850,991
10851,991
10852,991
10853,991
10854,991
10855,991
10856,991
10857,991
10858,991
10859,991
10860,991
10861,991
10862,991
10863,991
10864,991
10865,991
10866,991
10867,991
10868,991
10869,991
10870,991
10871,991
10872,991
10873,991
10874,991
10875,991
10876,991
10877,991
10878,991
10879,991
10880,991
10881,991
10882,991
10883,991
10884,991
10885,991
10886,991
10887,991
10888,991
10889,991
10890,991
10891,991
10892,991
10893,991
10894,991
10895,991
10896,991
10897,991
10898,991
10899,991
10900,991
10901,991
10902,991
10903,991
10904,991
10905,991
10906,991
10907,991
10908,991
10909,991
10910,991
10911,991
10912,991
10913,991
10914,991
10915,991
10916,991
10917,991
10918,991
10919,991
10920,991
10921,991
10922,991
10923,991
10924,991
10925,991
10926,991
10927,991
10928,991
10929,991
10930,991
10931,991
10932,991
10933,991
10934,991
10935,991
10936,991
10937,991
10938,991
10939,991
10940,991
10941,991
10942,991
10943,991
10944,991
10945,991
10946,991
10947,991
10948,991
10949,991
10950,991
10951,991
10952,991
10953,991
10954,991
10955,991
10956,991
10957,991
10958,991
10959,991
10960,991
10961,991
10962,991
10963,991
10964,991
10965,991
10966,991
10967,991
10968,991
10969,991
10970,991
10971,991
10972,991
10973,991
10974,991
10975,991
10976,991
10977,991
10978,991
10979,991
10980,991
10981,991
10982,991
10983,991
10984,991
10985,991
10986,991
10987,991
10988,991
10989,991
10990,991
10991,991
10992,991
10993,991
10994,991
10995,991
10996,991
10997,991
10998,991
10999,991
11000,991
11001,991
11002,991
11003,991
11004,991
11005,991
11006,991
11007,991
11008,991
11009,991
11010,991
11011,991
11012,991
11013,991
11014,991
11015,991
11016,991
11017,991
11018,991
11019,991
11020,991
11021,991
11022,991
11023,991
11024,991
11025,991
11026,991
11027,991
11028,991
11029,991
11030,991
11031,991
11032,991
11033,991
11034,991
11035,991
11036,991
11037,991
11038,991
11039,991
11040,991
11041,991
11042,991
11043,991
11044,991
11045,991
11046,991
11047,991
11048,991
11049,991
11050,991
11051,991
11052,991
11053,991
11054,991
11055,991
11056,991
11057,991
11058,991
11059,991
11060,991
11061,991
11062,991
11063,991
11064,991
11065,991
11066,991
11067,991
11068,991
11069,991
11070,991
11071,991
11072,991
11073,991
11074,991
11075,991
11076,991
11077,991
11078,991
11079,991
11080,991
11081,991
11082,991
11083,991
11084,991
11085,991
11086,991
11087,991
11088,991
11089,991
11090,991
11091,991
11092,991
11093,991
11094,991
11095,991
11096,991
11097,991
11098,991
11099,991
11100,991
11101,991
11102,991
11103,991
11104,991
11105,991
11106,991
11107,991
11108,991
11109,991
11110,991
11111,991
11112,991
11113,991
11114,991
11115,991
11116,991
11117,991
11118,991
11119,991
11120,991
11121,991
11122,991
11123,991
11124,991
11125,991
11126,991
11127,991
11128,991
11129,991
11130,991
11131,991
11132,991
11133,991
11134,991
11135,991
11136,991
11137,991
11138,991
11139,991
11140,991
11141,991
11142,991
11143,991
11144,991
11145,991
11146,991
11147,991
11148,991
11149,991
11150,991
11151,991
11152,991
11153,991
11154,991
11155,991
11156,991
11157,991
11158,991
11159,991
11160,991
11161,991
11162,991
11163,991
11164,991
11165,991
11166,991
11167,991
11168,991
11169,991
11170,991
11171,991
11172,991
11173,991
11174,991
11175,991
11176,991
11177,991
11178,991
11179,991
11180,991
11181,991
11182,991
11183,991
11184,991
11185,991
11186,991
11187,991
11188,991
11189,991
11190,991
11191,991
11192,991
11193,991
11194,991
11195,991
11196,991
11197,991
11198,991
11199,991
11200,991
11201,991
11202,991
11203,991
11204,991
11205,991
11206,991
11207,991
11208,991
11209,991
11210,991
11211,991
11212,991
11213,991
11214,991
11215,991
11216,991
11217,991
11218,991
11219,991
11220,991
11221,991
11222,991
11223,991
11224,991
11225,991
11226,991
11227,991
11228,991
11229,991
11230,991
11231,991
11232,991
11233,991
11234,991
11235,991
11236,991
11237,991
11238,991
11239,991
11240,991
11241,991
11242,991
11243,991
11244,991
11245,991
11246,991
11247,991
11248,991
11249,991
11250,991
11251,991
11252,991
11253,991
11254,991
11255,991
11256,991
11257,991
11258,991
11259,991
11260,991
11261,991
11262,991
11263,991
11264,991
11265,991
11266,991
11267,991
11268,991
11269,991
11270,991
11271,991
11272,991
11273,991
11274,991
11275,991
11276,991
11277,991
11278,991
11279,991
11280,991
11281,991
11282,991
11283,991
11284,991
11285,991
11286,991
11287,991
11288,991
11289,991
11290,991
11291,991
11292,991
11293,991
11294,991
11295,991
11296,991
11297,991
11298,991
11299,991
11300,991
11301,991
11302,991
11303,991
11304,991
11305,991
11306,991
11307,991
11308,991
11309,991
11310,991
11311,991
11312,991
11313,991
11314,991
11315,991
11316,991
11317,991
11318,991
11319,991
11320,991
11321,991
11322,991
11323,991
11324,991
11325,991
11326,991
11327,991
11328,991
11329,991
11330,991
11331,991
11332,991
11333,991
11334,991
11335,991
11336,991
11337,991
11338,991
11339,991
11340,991
11341,991
11342,991
11343,991
11344,991
11345,991
11346,991
11347,991
11348,991
11349,991
11350,991
11351,991
11352,991
11353,991
11354,991
11355,991
11356,991
11357,991
11358,991
11359,991
11360,991
11361,991
11362,991
11363,991
11364,991
11365,991
11366,991
11367,991
11368,991
11369,991
11370,991
11371,991
11372,991
11373,991
11374,991
11375,991
11376,991
11377,991
11378,991
11379,991
11380,991
11381,991
11382,991
11383,991
11384,991
11385,991
11386,991
11387,991
11388,991
11389,991
11390,991
11391,991
11392,991
11393,991
11394,991
11395,991
11396,991
11397,991
11398,991
11399,991
11400,991
11401,991
11402,991
11403,991
11404,991
11405,991
11406,991
11407,991
11408,991
11409,991
11410,991
11411,991
11412,991
11413,991
11414,991
11415,991
11416,991
11417,991
11418,991
11419,991
11420,991
11421,991
11422,991
11423,991
11424,991
11425,991
11426,991
11427,991
11428,991
11429,991
11430,991
11431,991
11432,991
11433,991
11434,991
11435,991
11436,991
11437,991
11438,991
11439,991
11440,824
11441,824
11442,824
11443,824
11444,824
11445,824
11446,824
11447,824
11448,824
11449,824
11450,824
11451,824
11452,824
11453,824
11454,824
11455,824
11456,824
11457,824
11458,824
11459,824
11460,824
11461,824
11462,824
11463,824
11464,824
11465,824
11466,824
11467,824
11468,824
11469,824
11470,824
11471,824
11472,824
11473,824
11474,824
11475,824
11476,824
11477,824
11478,824
11479,824
11480,824
11481,824
11482,824
11483,824
11484,824
11485,824
11486,824
11487,824
11488,824
11489,824
11490,824
11491,824
11492,824
11493,824
11494,824
11495,824
11496,824
11497,824
11498,824
11499,824
11500,824
11501,824
11502,824
11503,824
11504,824
11505,824
11506,824
11507,824
11508,824
11509,824
11510,824
11511,824
11512,824
11513,824
11514,824
11515,824
11516,824
11517,824
11518,824
11519,824
11520,824
11521,824
11522,824
11523,824
11524,824
11525,824
11526,824
11527,824
11528,824
11529,824
11530,824
11531,824
11532,824
11533,824
11534,824
11535,824
11536,824
11537,824
11538,824
11539,824
11540,824
11541,824
11542,824
11543,824
11544,824
11545,824
11546,824
11547,824
11548,824
11549,824
11550,824
11551,824
11552,824
11553,824
11554,824
11555,824
11556,824
11557,824
11558,824
11559,824
11560,824
11561,824
11562,824
11563,824
11564,824
11565,824
11566,824
11567,824
11568,824
11569,824
11570,824
11571,824
11572,824
11573,824
11574,824
11575,824
11576,824
11577,824
11578,824
11579,824
11580,824
11581,824
11582,824
11583,824
11584,824
11585,824
11586,824
11587,824
11588,824
11589,824
11590,824
11591,824
11592,824
11593,824
11594,824
11595,824
11596,824
11597,824
11598,824
11599,824
11600,824
11601,824
11602,824
11603,824
11604,824
11605,824
11606,824
11607,824
11608,824
11609,824
11610,824
11611,824
11612,824
11613,824
11614,824
11615,824
11616,824
11617,824
11618,824
11619,824
11620,824
11621,824
11622,824
11623,824
11624,824
11625,824
11626,824
11627,824
11628,824
11629,824
11630,824
11631,824
11632,824
11633,824
11634,824
11635,824
11636,824
11637,824
11638,824
11639,824
11640,824
11641,824
11642,824
11643,824
11644,824
11645,824
11646,824
11647,824
11648,824
11649,824
11650,824
11651,824
11652,824
11653,824
11654,824
11655,824
11656,824
11657,824
11658,824
11659,824
11660,824
11661,824
11662,824
11663,824
11664,824
11665,824
11666,824
11667,824
11668,824
11669,824
11670,824
11671,824
11672,824
11673,824
11674,824
11675,824
11676,824
11677,824
11678,824
11679,824
11680,824
11681,824
11682,824
11683,824
11684,824
11685,824
11686,824
11687,824
11688,824
11689,824
11690,824
11691,824
11692,824
11693,824
11694,824
11695,824
11696,824
11697,824
11698,824
11699,824
11700,824
11701,824
11702,824
11703,824
11704,824
11705,824
11706,824
11707,824
11708,824
11709,824
11710,824
11711,824
11712,824
11713,824
11714,824
11715,824
11716,824
11717,824
11718,824
11719,824
11720,824
11721,824
11722,824
11723,824
11724,824
11725,824
11726,824
11727,824
11728,824
11729,824
11730,824
11731,824
11732,824
11733,824
11734,824
11735,824
11736,824
11737,824
11738,824
11739,824
11740,824
11741,824
11742,824
11743,824
11744,824
11745,824
11746,824
11747,824
11748,824
11749,824
11750,824
11751,824
11752,824
11753,824
11754,824
11755,824
11756,824
11757,824
11758,824
11759,824
11760,824
11761,824
11762,824
11763,824
11764,824
11765,824
11766,824
11767,824
11768,824
11769,824
11770,824
11771,824
11772,824
11773,824
11774,824
11775,824
11776,824
11777,824
11778,824
11779,824
11780,824
11781,824
11782,824
11783,824
11784,824
11785,824
11786,824
11787,824
11788,824
11789,824
11790,824
11791,824
11792,824
11793,824
11794,824
11795,824
11796,824
11797,824
11798,824
11799,824
11800,824
11801,824
11802,824
11803,824
11804,824
11805,824
11806,824
11807,824
11808,824
11809,824
11810,824
11811,824
11812,824
11813,824
11814,824
11815,824
11816,824
11817,824
11818,824
11819,824
11820,824
11821,824
11822,824
11823,824
11824,824
11825,824
11826,824
11827,824
11828,824
11829,824
11830,824
11831,824
11832,824
11833,824
11834,824
11835,824
11836,824
11837,824
11838,824
11839,824
11840,824
11841,824
11842,824
11843,824
11844,824
11845,824
11846,824
11847,824
11848,824
11849,824
11850,824
11851,824
11852,824
11853,824
11854,824
11855,824
11856,824
11857,824
11858,824
11859,824
11860,824
11861,824
11862,824
11863,824
11864,824
11865,824
11866,824
11867,824
11868,824
11869,824
11870,824
11871,824
11872,824
11873,824
11874,824
11875,824
11876,824
11877,824
11878,824
11879,824
11880,824
11881,824
11882,824
11883,824
11884,824
11885,824
11886,824
11887,824
11888,824
11889,824
11890,824
11891,824
11892,824
11893,824
11894,824
11895,824
11896,824
11897,824
11898,824
11899,824
11900,824
11901,824
11902,824
11903,824
11904,824
11905,824
11906,824
11907,824
11908,824
11909,824
11910,824
11911,824
11912,824
11913,824
11914,824
11915,824
11916,824
11917,824
11918,824
11919,824
11920,824
11921,824
11922,824
11923,824
11924,824
11925,824
11926,824
11927,824
11928,824
11929,824
11930,824
11931,824
11932,824
11933,824
11934,824
11935,824
11936,824
11937,824
11938,824
11939,824
11940,824
11941,824
11942,824
11943,824
11944,824
11945,824
11946,824
11947,824
11948,824
11949,824
11950,824
11951,824
11952,824
11953,824
11954,824
11955,824
11956,824
11957,824
11958,824
11959,824
11960,824
11961,824
11962,824
11963,824
11964,824
11965,824
11966,824
11967,824
11968,824
11969,824
11970,824
11971,824
11972,824
11973,824
11974,824
11975,824
11976,824
11977,824
11978,824
11979,824
11980,824
11981,824
11982,824
11983,824
11984,824
11985,824
11986,824
11987,824
11988,824
11989,824
11990,824
11991,824
11992,824
11993,824
11994,824
11995,824
11996,824
11997,824
11998,824
11999,824
12000,824
12001,824
12002,824
12003,824
12004,824
12005,824
12006,824
12007,824
12008,824
12009,824
12010,824
12011,824
12012,824
12013,824
12014,824
12015,824
12016,824
12017,824
12018,824
12019,824
12020,824
12021,824
12022,824
12023,824
12024,824
12025,824
12026,824
12027,824
12028,824
12029,824
12030,824
12031,824
12032,824
12033,824
12034,824
12035,824
12036,824
12037,824
12038,824
12039,824
12040,824
12041,824
12042,824
12043,824
12044,824
12045,824
12046,824
12047,824
12048,824
12049,824
12050,824
12051,824
12052,824
12053,824
12054,824
12055,824
12056,824
12057,824
12058,824
12059,824
12060,824
12061,824
12062,824
12063,824
12064,824
12065,824
12066,824
12067,824
12068,824
12069,824
12070,824
12071,824
12072,824
12073,824
12074,824
12075,824
12076,824
12077,824
12078,824
12079,824
12080,824
12081,824
12082,824
12083,824
12084,824
12085,824
12086,824
12087,824
12088,824
12089,824
12090,824
12091,824
12092,824
12093,824
12094,824
12095,824
12096,824
12097,824
12098,824
12099,824
12100,824
12101,824
12102,824
12103,824
12104,824
12105,824
12106,824
12107,824
12108,824
12109,824
12110,824
12111,824
12112,824
12113,824
12114,824
12115,824
12116,824
12117,824
12118,824
12119,824
12120,824
12121,824
12122,824
12123,824
12124,824
12125,824
12126,824
12127,824
12128,824
12129,824
12130,824
12131,824
12132,824
12133,824
12134,824
12135,824
12136,824
12137,824
12138,824
12139,824
12140,824
12141,824
12142,824
12143,824
12144,824
12145,824
12146,824
12147,824
12148,824
12149,824
12150,824
12151,824
12152,824
12153,824
12154,824
12155,824
12156,824
12157,824
12158,824
12159,824
12160,824
12161,824
12162,824
12163,824
12164,824
12165,824
12166,824
12167,824
12168,824
12169,824
12170,824
12171,824
12172,824
12173,824
12174,824
12175,824
12176,824
12177,824
12178,824
12179,824
12180,824
12181,824
12182,824
12183,824
12184,1159
12185,1159
12186,1159
12187,1159
12188,1159
12189,1159
12190,1159
12191,1159
12192,1159
12193,1159
12194,1159
12195,1159
12196,1159
12197,1159
12198,1159
12199,1159
12200,1159
12201,1159
12202,1159
12203,1159
12204,1159
12205,1159
12206,1159
12207,1159
12208,1159
12209,1159
12210,1159
12211,1159
12212,1159
12213,1159
12214,1159
12215,1159
12216,1159
12217,1159
12218,1159
12219,1159
12220,1159
12221,1159
12222,1159
12223,1159
12224,1159
12225,1159
12226,1159
12227,1159
12228,1159
12229,1159
12230,1159
12231,1159
12232,1159
12233,1159
12234,1159
12235,1159
12236,1159
12237,1159
12238,1159
12239,1159
12240,1159
12241,1159
12242,1159
12243,1159
12244,1159
12245,1159
12246,1159
12247,1159
12248,1159
12249,1159
12250,1159
12251,1159
12252,1159
12253,1159
12254,1159
12255,1159
12256,1159
12257,1159
12258,1159
12259,1159
12260,1159
12261,1159
12262,1159
12263,1159
12264,1159
12265,1159
12266,1159
12267,1159
12268,1159
12269,1159
12270,1159
12271,1159
12272,1159
12273,1159
12274,1159
12275,1159
12276,1159
12277,1159
12278,1159
12279,1159
12280,1159
12281,1159
12282,1159
12283,1159
12284,1159
12285,1159
12286,1159
12287,1159
12288,1159
12289,1159
12290,1159
12291,1159
12292,1159
12293,1159
12294,1159
12295,1159
12296,1159
12297,1159
12298,1159
12299,1159
12300,1159
12301,1159
12302,1159
12303,1159
12304,1159
12305,1159
12306,1159
12307,1159
12308,1159
12309,1159
12310,1159
12311,1159
12312,1159
12313,1159
12314,1159
12315,1159
12316,1159
12317,1159
12318,1159
12319,1159
12320,1159
12321,1159
12322,1159
12323,1159
12324,1159
12325,1159
12326,1159
12327,1159
12328,1159
12329,1159
12330,1159
12331,1159
12332,1159
12333,1159
12334,1159
12335,1159
12336,1159
12337,1159
12338,1159
12339,1159
12340,1159
12341,1159
12342,1159
12343,1159
12344,1159
12345,1159
12346,1159
12347,1159
12348,1159
12349,1159
12350,1159
12351,1159
12352,1159
12353,1159
12354,1159
12355,1159
12356,1159
12357,1159
12358,1159
12359,1159
12360,1159
12361,1159
12362,1159
12363,1159
12364,1159
12365,1159
12366,1159
12367,1159
12368,1159
12369,1159
12370,1159
12371,1159
12372,1159
12373,1159
12374,1159
12375,1159
12376,1159
12377,1159
12378,1159
12379,1159
12380,1159
12381,1159
12382,1159
12383,1159
12384,1159
12385,1159
12386,1159
12387,1159
12388,1159
12389,1159
12390,1159
12391,1159
12392,1159
12393,1159
12394,1159
12395,1159
12396,1159
12397,1159
12398,1159
12399,1159
12400,1159
12401,1159
12402,1159
12403,1159
12404,1159
12405,1159
12406,1159
12407,1159
12408,1159
12409,1159
12410,1159
12411,1159
12412,1159
12413,1159
12414,1159
12415,1159
12416,1159
12417,1159
12418,1159
12419,1159
12420,1159
12421,1159
12422,1159
12423,1159
12424,1159
12425,1159
12426,1159
12427,1159
12428,1159
12429,1159
12430,1159
12431,1159
12432,1159
12433,1159
12434,1159
12435,1159
12436,1159
12437,1159
12438,1159
12439,1159
12440,1159
12441,1159
12442,1159
12443,1159
12444,1159
12445,1159
12446,1159
12447,1159
12448,1159
12449,1159
12450,1159
12451,1159
12452,1159
12453,1159
12454,1159
12455,1159
12456,1159
12457,1159
12458,1159
12459,1159
12460,1159
12461,1159
12462,1159
12463,1159
12464,1159
12465,1159
12466,1159
12467,1159
12468,1159
12469,1159
12470,1159
12471,1159
12472,1159
12473,1159
12474,1159
12475,1159
12476,1159
12477,1159
12478,1159
12479,1159
12480,1159
12481,1159
12482,1159
12483,1159
12484,1159
12485,1159
12486,1159
12487,1159
12488,1159
12489,1159
12490,1159
12491,1159
12492,1159
12493,1159
12494,1159
12495,1159
12496,1159
12497,1159
12498,1159
12499,1159
12500,1159
12501,1159
12502,1159
12503,1159
12504,1159
12505,1159
12506,1159
12507,1159
12508,1159
12509,1159
12510,1159
12511,1159
12512,1159
12513,1159
12514,1159
12515,1159
12516,1159
12517,1159
12518,1159
12519,1159
12520,1159
12521,1159
12522,1159
12523,1159
12524,1159
12525,1159
12526,1159
12527,1159
12528,1159
12529,1159
12530,1159
12531,1159
12532,1159
12533,1159
12534,1159
12535,1159
12536,1159
12537,1159
12538,1159
12539,1159
12540,1159
12541,1159
12542,1159
12543,1159
12544,1159
12545,1159
12546,1159
12547,1159
12548,1159
12549,1159
12550,1159
12551,1159
12552,1159
12553,1159
12554,1159
12555,1159
12556,1159
12557,1159
12558,1159
12559,1159
12560,1159
12561,1159
12562,1159
12563,1159
12564,1159
12565,1159
12566,1159
12567,1159
12568,1159
12569,1159
12570,1159
12571,1159
12572,1159
12573,1159
12574,1159
12575,1159
12576,1159
12577,1159
12578,1159
12579,1159
12580,1159
12581,1159
12582,1159
12583,1159
12584,1159
12585,1159
12586,1159
12587,1159
12588,1159
12589,1159
12590,1159
12591,1159
12592,1159
12593,1159
12594,1159
12595,1159
12596,1159
12597,1159
12598,1159
12599,1159
12600,1159
12601,1159
12602,1159
12603,1159
12604,1159
12605,1159
12606,1159
12607,1159
12608,1159
12609,1159
12610,1159
12611,1159
12612,1159
12613,1159
12614,1159
12615,1159
12616,1159
12617,1159
12618,1159
12619,1159
12620,1159
12621,1159
12622,1159
12623,1159
12624,1159
12625,1159
12626,1159
12627,1159
12628,1159
12629,1159
12630,1159
12631,1159
12632,1159
12633,1159
12634,1159
12635,1159
12636,1159
12637,1159
12638,1159
12639,1159
12640,1159
12641,1159
12642,1159
12643,1159
12644,1159
12645,1159
12646,1159
12647,1159
12648,1159
12649,1159
12650,1159
12651,1159
12652,1159
12653,1159
12654,1159
12655,1159
12656,1159
12657,1159
12658,1159
12659,1159
12660,1159
12661,1159
12662,1159
12663,1159
12664,1159
12665,1159
12666,1159
12667,1159
12668,1159
12669,1159
12670,1159
12671,1159
12672,1159
12673,1159
12674,1159
12675,1159
12676,1159
12677,1159
12678,1159
12679,1159
12680,1159
12681,1159
12682,1159
12683,1159
12684,1159
12685,1159
12686,1159
12687,1159
12688,1159
12689,1159
12690,1159
12691,1159
12692,1159
12693,1159
12694,1159
12695,1159
12696,1159
12697,1159
12698,1159
12699,1159
12700,1159
12701,1159
12702,1159
12703,1159
12704,1159
12705,1159
12706,1159
12707,1159
12708,1159
12709,1159
12710,1159
12711,1159
12712,1159
12713,1159
12714,1159
12715,1159
12716,1159
12717,1159
12718,1159
12719,1159
12720,1159
12721,1159
12722,1159
12723,1159
12724,1159
12725,1159
12726,1159
12727,1159
12728,1159
12729,1159
12730,1159
12731,1159
12732,1159
12733,1159
12734,1159
12735,1159
12736,1159
12737,1159
12738,1159
12739,1159
12740,1159
12741,1159
12742,1159
12743,1159
12744,1159
12745,1159
12746,1159
12747,1159
12748,1159
12749,1159
12750,1159
12751,1159
12752,1159
12753,1159
12754,1159
12755,1159
12756,1159
12757,1159
12758,1159
12759,1159
12760,1159
12761,1159
12762,1159
12763,1159
12764,1159
12765,1159
12766,1159
12767,1159
12768,1159
12769,1159
12770,1159
12771,1159
12772,1159
12773,1159
12774,1159
12775,1159
12776,1159
12777,1159
12778,1159
12779,1159
12780,1159
12781,1159
12782,1159
12783,1159
12784,1159
12785,1159
12786,1159
12787,1159
12788,1159
12789,1159
12790,1159
12791,1159
12792,1159
12793,1159
12794,1159
12795,1159
12796,1159
12797,1159
12798,1159
12799,1159
12800,1159
12801,1159
12802,1159
12803,1159
12804,1159
12805,1159
12806,1159
12807,1159
12808,1159
12809,1159
12810,1159
12811,1159
12812,1159
12813,1159
12814,1159
12815,1159
12816,1159
12817,1159
12818,1159
12819,1159
12820,1159
12821,1159
12822,1159
12823,1159
12824,1159
12825,1159
12826,1159
12827,1159
12828,1159
12829,1159
12830,1159
12831,1159
12832,1159
12833,1159
12834,1159
12835,1159
12836,1159
12837,1159
12838,1159
12839,1159
12840,1159
12841,1159
12842,1159
12843,1159
12844,1159
12845,1159
12846,1159
12847,1159
12848,1159
12849,1159
12850,1159
12851,1159
12852,1159
12853,1159
12854,1159
12855,1159
12856,1159
12857,1159
12858,1159
12859,1159
12860,1159
12861,1159
12862,1159
12863,1159
12864,1159
12865,1159
12866,1159
12867,1159
12868,1159
12869,1159
12870,1159
12871,1159
12872,1159
12873,1159
12874,1159
12875,1159
12876,1159
12877,1159
12878,1159
12879,1159
12880,1159
12881,1159
12882,1159
12883,1159
12884,1159
12885,1159
12886,1159
12887,1159
12888,1159
12889,1159
12890,1159
12891,1159
12892,1159
12893,1159
12894,1159
12895,1159
12896,1159
12897,1159
12898,1159
12899,1159
12900,1159
12901,1159
12902,1159
12903,1159
12904,991
12905,991
12906,991
12907,991
12908,991
12909,991
12910,991
12911,991
12912,991
12913,991
12914,991
12915,991
12916,991
12917,991
12918,991
12919,991
12920,991
12921,991
12922,991
12923,991
12924,991
12925,991
12926,991
12927,991
12928,991
12929,991
12930,991
12931,991
12932,991
12933,991
12934,991
12935,991
12936,991
12937,991
12938,991
12939,991
12940,991
12941,991
12942,991
12943,991
12944,991
12945,991
12946,991
12947,991
12948,991
12949,991
12950,991
12951,991
12952,991
12953,991
12954,991
12955,991
12956,991
12957,991
12958,991
12959,991
12960,991
12961,991
12962,991
12963,991
12964,991
12965,991
12966,991
12967,991
12968,991
12969,991
12970,991
12971,991
12972,991
12973,991
12974,991
12975,991
12976,991
12977,991
12978,991
12979,991
12980,991
12981,991
12982,991
12983,991
12984,991
12985,991
12986,991
12987,991
12988,991
12989,991
12990,991
12991,991
12992,991
12993,991
12994,991
12995,991
12996,991
12997,991
12998,991
12999,991
13000,991
13001,991
13002,991
13003,991
13004,991
13005,991
13006,991
13007,991
13008,991
13009,991
13010,991
13011,991
13012,991
13013,991
13014,991
13015,991
13016,991
13017,991
13018,991
13019,991
13020,991
13021,991
13022,991
13023,991
13024,991
13025,991
13026,991
13027,991
13028,991
13029,991
13030,991
13031,991
13032,991
13033,991
13034,991
13035,991
13036,991
13037,991
13038,991
13039,991
13040,991
13041,991
13042,991
13043,991
13044,991
13045,991
13046,991
13047,991
13048,991
13049,991
13050,991
13051,991
13052,991
13053,991
13054,991
13055,991
13056,991
13057,991
13058,991
13059,991
13060,991
13061,991
13062,991
13063,991
13064,991
13065,991
13066,991
13067,991
13068,991
13069,991
13070,991
13071,991
13072,991
13073,991
13074,991
13075,991
13076,991
13077,991
13078,991
13079,991
13080,991
13081,991
13082,991
13083,991
13084,991
13085,991
13086,991
13087,991
13088,991
13089,991
13090,991
13091,991
13092,991
13093,991
13094,991
13095,991
13096,991
13097,991
13098,991
13099,991
13100,991
13101,991
13102,991
13103,991
13104,991
13105,991
13106,991
13107,991
13108,991
13109,991
13110,991
13111,991
13112,991
13113,991
13114,991
13115,991
13116,991
13117,991
13118,991
13119,991
13120,991
13121,991
13122,991
13123,991
13124,991
13125,991
13126,991
13127,991
13128,991
13129,991
13130,991
13131,991
13132,991
13133,991
13134,991
13135,991
13136,991
13137,991
13138,991
13139,991
13140,991
13141,991
13142,991
13143,991
13144,991
13145,991
13146,991
13147,991
13148,991
13149,991
13150,991
13151,991
13152,991
13153,991
13154,991
13155,991
13156,991
13157,991
13158,991
13159,991
13160,991
13161,991
13162,991
13163,991
13164,991
13165,991
13166,991
13167,991
13168,991
13169,991
13170,991
13171,991
13172,991
13173,991
13174,991
13175,991
13176,991
13177,991
13178,991
13179,991
13180,991
13181,991
13182,991
13183,991
13184,991
13185,991
13186,991
13187,991
13188,991
13189,991
13190,991
13191,991
13192,991
13193,991
13194,991
13195,991
13196,991
13197,991
13198,991
13199,991
13200,991
13201,991
13202,991
13203,991
13204,991
13205,991
13206,991
13207,991
13208,991
13209,991
13210,991
13211,991
13212,991
13213,991
13214,991
13215,991
13216,991
13217,991
13218,991
13219,991
13220,991
13221,991
13222,991
13223,991
13224,991
13225,991
13226,991
13227,991
13228,991
13229,991
13230,991
13231,991
13232,991
13233,991
13234,991
13235,991
13236,991
13237,991
13238,991
13239,991
13240,991
13241,991
13242,991
13243,991
13244,991
13245,991
13246,991
13247,991
13248,991
13249,991
13250,991
13251,991
13252,991
13253,991
13254,991
13255,991
13256,991
13257,991
13258,991
13259,991
13260,991
13261,991
13262,991
13263,991
13264,991
13265,991
13266,991
13267,991
13268,991
13269,991
13270,991
13271,991
13272,991
13273,991
13274,991
13275,991
13276,991
13277,991
13278,991
13279,991
13280,991
13281,991
13282,991
13283,991
13284,991
13285,991
13286,991
13287,991
13288,991
13289,991
13290,991
13291,991
13292,991
13293,991
13294,991
13295,991
13296,991
13297,991
13298,991
13299,991
13300,991
13301,991
13302,991
13303,991
13304,991
13305,991
13306,991
13307,991
13308,991
13309,991
13310,991
13311,991
13312,991
13313,991
13314,991
13315,991
13316,991
13317,991
13318,991
13319,991
13320,991
13321,991
13322,991
13323,991
13324,991
13325,991
13326,991
13327,991
13328,991
13329,991
13330,991
13331,991
13332,991
13333,991
13334,991
13335,991
13336,991
13337,991
13338,991
13339,991
13340,991
13341,991
13342,991
13343,991
13344,991
13345,991
13346,991
13347,991
13348,991
13349,991
13350,991
13351,991
13352,991
13353,991
13354,991
13355,991
13356,991
13357,991
13358,991
13359,991
13360,991
13361,991
13362,991
13363,991
13364,991
13365,991
13366,991
13367,991
13368,991
13369,991
13370,991
13371,991
13372,991
13373,991
13374,991
13375,991
13376,991
13377,991
13378,991
13379,991
13380,991
13381,991
13382,991
13383,991
13384,991
13385,991
13386,991
13387,991
13388,991
13389,991
13390,991
13391,991
13392,991
13393,991
13394,991
13395,991
13396,991
13397,991
13398,991
13399,991
13400,991
13401,991
13402,991
13403,991
13404,991
13405,991
13406,991
13407,991
13408,991
13409,991
13410,991
13411,991
13412,991
13413,991
13414,991
13415,991
13416,991
13417,991
13418,991
13419,991
13420,991
13421,991
13422,991
13423,991
13424,991
13425,991
13426,991
13427,991
13428,991
13429,991
13430,991
13431,991
13432,991
13433,991
13434,991
13435,991
13436,991
13437,991
13438,991
13439,991
13440,991
13441,991
13442,991
13443,991
13444,991
13445,991
13446,991
13447,991
13448,991
13449,991
13450,991
13451,991
13452,991
13453,991
13454,991
13455,991
13456,991
13457,991
13458,991
13459,991
13460,991
13461,991
13462,991
13463,991
13464,991
13465,991
13466,991
13467,991
13468,991
13469,991
13470,991
13471,991
13472,991
13473,991
13474,991
13475,991
13476,991
13477,991
13478,991
13479,991
13480,991
13481,991
13482,991
13483,991
13484,991
13485,991
13486,991
13487,991
13488,991
13489,991
13490,991
13491,991
13492,991
13493,991
13494,991
13495,991
13496,991
13497,991
13498,991
13499,991
13500,991
13501,991
13502,991
13503,991
13504,991
13505,991
13506,991
13507,991
13508,991
13509,991
13510,991
13511,991
13512,991
13513,991
13514,991
13515,991
13516,991
13517,991
13518,991
13519,991
13520,991
13521,991
13522,991
13523,991
13524,991
13525,991
13526,991
13527,991
13528,991
13529,991
13530,991
13531,991
13532,991
13533,991
13534,991
13535,991
13536,991
13537,991
13538,991
13539,991
13540,991
13541,991
13542,991
13543,991
13544,991
13545,991
13546,991
13547,991
13548,991
13549,991
13550,991
13551,991
13552,991
13553,991
13554,991
13555,991
13556,991
13557,991
13558,991
13559,991
13560,991
13561,991
13562,991
13563,991
13564,991
13565,991
13566,991
13567,991
13568,991
13569,991
13570,991
13571,991
13572,991
13573,991
13574,991
13575,991
13576,991
13577,991
13578,991
13579,991
13580,991
13581,991
13582,991
13583,991
13584,991
13585,991
13586,991
13587,991
13588,991
13589,991
13590,991
13591,991
13592,991
13593,991
13594,991
13595,991
13596,991
13597,991
13598,991
13599,991
13600,991
13601,991
13602,991
13603,991
13604,991
13605,991
13606,991
13607,991
13608,991
13609,991
13610,991
13611,991
13612,991
13613,991
13614,991
13615,991
13616,991
13617,991
13618,991
13619,991
13620,991
13621,991
13622,991
13623,991
13624,991
13625,991
13626,991
13627,991
13628,991
13629,991
13630,991
13631,991
13632,991
13633,991
13634,991
13635,991
13636,991
13637,991
13638,991
13639,991
13640,991
13641,991
13642,991
13643,991
13644,991
13645,991
13646,991
13647,991
13648,824
13649,824
13650,824
13651,824
13652,824
13653,824
13654,824
13655,824
13656,824
13657,824
13658,824
13659,824
13660,824
13661,824
13662,824
13663,824
13664,824
13665,824
13666,824
13667,824
13668,824
13669,824
13670,824
13671,824
13672,824
13673,824
13674,824
13675,824
13676,824
13677,824
13678,824
13679,824
13680,824
13681,824
13682,824
13683,824
13684,824
13685,824
13686,824
13687,824
13688,824
13689,824
13690,824
13691,824
13692,824
13693,824
13694,824
13695,824
13696,824
13697,824
13698,824
13699,824
13700,824
13701,824
13702,824
13703,824
13704,824
13705,824
13706,824
13707,824
13708,824
13709,824
13710,824
13711,824
13712,824
13713,824
13714,824
13715,824
13716,824
13717,824
13718,824
13719,824
13720,824
13721,824
13722,824
13723,824
13724,824
13725,824
13726,824
13727,824
13728,824
13729,824
13730,824
13731,824
13732,824
13733,824
13734,824
13735,824
13736,824
13737,824
13738,824
13739,824
13740,824
13741,824
13742,824
13743,824
13744,824
13745,824
13746,824
13747,824
13748,824
13749,824
13750,824
13751,824
13752,824
13753,824
13754,824
13755,824
13756,824
13757,824
13758,824
13759,824
13760,824
13761,824
13762,824
13763,824
13764,824
13765,824
13766,824
13767,824
13768,824
13769,824
13770,824
13771,824
13772,824
13773,824
13774,824
13775,824
13776,824
13777,824
13778,824
13779,824
13780,824
13781,824
13782,824
13783,824
13784,824
13785,824
13786,824
13787,824
13788,824
13789,824
13790,824
13791,824
13792,824
13793,824
13794,824
13795,824
13796,824
13797,824
13798,824
13799,824
13800,824
13801,824
13802,824
13803,824
13804,824
13805,824
13806,824
13807,824
13808,824
13809,824
13810,824
13811,824
13812,824
13813,824
13814,824
13815,824
13816,824
13817,824
13818,824
13819,824
13820,824
13821,824
13822,824
13823,824
13824,824
13825,824
13826,824
13827,824
13828,824
13829,824
13830,824
13831,824
13832,824
13833,824
13834,824
13835,824
13836,824
13837,824
13838,824
13839,824
13840,824
13841,824
13842,824
13843,824
13844,824
13845,824
13846,824
13847,824
13848,824
13849,824
13850,824
13851,824
13852,824
13853,824
13854,824
13855,824
13856,824
13857,824
13858,824
13859,824
13860,824
13861,824
13862,824
13863,824
13864,824
13865,824
13866,824
13867,824
13868,824
13869,824
13870,824
13871,824
13872,824
13873,824
13874,824
13875,824
13876,824
13877,824
13878,824
13879,824
13880,824
13881,824
13882,824
13883,824
13884,824
13885,824
13886,824
13887,824
13888,824
13889,824
13890,824
13891,824
13892,824
13893,824
13894,824
13895,824
13896,824
13897,824
13898,824
13899,824
13900,824
13901,824
13902,824
13903,824
13904,824
13905,824
13906,824
13907,824
13908,824
13909,824
13910,824
13911,824
13912,824
13913,824
13914,824
13915,824
13916,824
13917,824
13918,824
13919,824
13920,824
13921,824
13922,824
13923,824
13924,824
13925,824
13926,824
13927,824
13928,824
13929,824
13930,824
13931,824
13932,824
13933,824
13934,824
13935,824
13936,824
13937,824
13938,824
13939,824
13940,824
13941,824
13942,824
13943,824
13944,824
13945,824
13946,824
13947,824
13948,824
13949,824
13950,824
13951,824
13952,824
13953,824
13954,824
13955,824
13956,824
13957,824
13958,824
13959,824
13960,824
13961,824
13962,824
13963,824
13964,824
13965,824
13966,824
13967,824
13968,824
13969,824
13970,824
13971,824
13972,824
13973,824
13974,824
13975,824
13976,824
13977,824
13978,824
13979,824
13980,824
13981,824
13982,824
13983,824
13984,824
13985,824
13986,824
13987,824
13988,824
13989,824
13990,824
13991,824
13992,824
13993,824
13994,824
13995,824
13996,824
13997,824
13998,824
13999,824
14000,824
14001,824
14002,824
14003,824
14004,824
14005,824
14006,824
14007,824
14008,824
14009,824
14010,824
14011,824
14012,824
14013,824
14014,824
14015,824
14016,824
14017,824
14018,824
14019,824
14020,824
14021,824
14022,824
14023,824
14024,824
14025,824
14026,824
14027,824
14028,824
14029,824
14030,824
14031,824
14032,824
14033,824
14034,824
14035,824
14036,824
14037,824
14038,824
14039,824
14040,824
14041,824
14042,824
14043,824
14044,824
14045,824
14046,824
14047,824
14048,824
14049,824
14050,824
14051,824
14052,824
14053,824
14054,824
14055,824
14056,824
14057,824
14058,824
14059,824
14060,824
14061,824
14062,824
14063,824
14064,824
14065,824
14066,824
14067,824
14068,824
14069,824
14070,824
14071,824
14072,824
14073,824
14074,824
14075,824
14076,824
14077,824
14078,824
14079,824
14080,824
14081,824
14082,824
14083,824
14084,824
14085,824
14086,824
14087,824
14088,824
14089,824
14090,824
14091,824
14092,824
14093,824
14094,824
14095,824
14096,824
14097,824
14098,824
14099,824
14100,824
14101,824
14102,824
14103,824
14104,824
14105,824
14106,824
14107,824
14108,824
14109,824
14110,824
14111,824
14112,824
14113,824
14114,824
14115,824
14116,824
14117,824
14118,824
14119,824
14120,824
14121,824
14122,824
14123,824
14124,824
14125,824
14126,824
14127,824
14128,824
14129,824
14130,824
14131,824
14132,824
14133,824
14134,824
14135,824
14136,824
14137,824
14138,824
14139,824
14140,824
14141,824
14142,824
14143,824
14144,824
14145,824
14146,824
14147,824
14148,824
14149,824
14150,824
14151,824
14152,824
14153,824
14154,824
14155,824
14156,824
14157,824
14158,824
14159,824
14160,824
14161,824
14162,824
14163,824
14164,824
14165,824
14166,824
14167,824
14168,824
14169,824
14170,824
14171,824
14172,824
14173,824
14174,824
14175,824
14176,824
14177,824
14178,824
14179,824
14180,824
14181,824
14182,824
14183,824
14184,824
14185,824
14186,824
14187,824
14188,824
14189,824
14190,824
14191,824
14192,824
14193,824
14194,824
14195,824
14196,824
14197,824
14198,824
14199,824
14200,824
14201,824
14202,824
14203,824
14204,824
14205,824
14206,824
14207,824
14208,824
14209,824
14210,824
14211,824
14212,824
14213,824
14214,824
14215,824
14216,824
14217,824
14218,824
14219,824
14220,824
14221,824
14222,824
14223,824
14224,824
14225,824
14226,824
14227,824
14228,824
14229,824
14230,824
14231,824
14232,824
14233,824
14234,824
14235,824
14236,824
14237,824
14238,824
14239,824
14240,824
14241,824
14242,824
14243,824
14244,824
14245,824
14246,824
14247,824
14248,824
14249,824
14250,824
14251,824
14252,824
14253,824
14254,824
14255,824
14256,824
14257,824
14258,824
14259,824
14260,824
14261,824
14262,824
14263,824
14264,824
14265,824
14266,824
14267,824
14268,824
14269,824
14270,824
14271,824
14272,824
14273,824
14274,824
14275,824
14276,824
14277,824
14278,824
14279,824
14280,824
14281,824
14282,824
14283,824
14284,824
14285,824
14286,824
14287,824
14288,824
14289,824
14290,824
14291,824
14292,824
14293,824
14294,824
14295,824
14296,824
14297,824
14298,824
14299,824
14300,824
14301,824
14302,824
14303,824
14304,824
14305,824
14306,824
14307,824
14308,824
14309,824
14310,824
14311,824
14312,824
14313,824
14314,824
14315,824
14316,824
14317,824
14318,824
14319,824
14320,824
14321,824
14322,824
14323,824
14324,824
14325,824
14326,824
14327,824
14328,824
14329,824
14330,824
14331,824
14332,824
14333,824
14334,824
14335,824
14336,824
14337,824
14338,824
14339,824
14340,824
14341,824
14342,824
14343,824
14344,824
14345,824
14346,824
14347,824
14348,824
14349,824
14350,824
14351,824
14352,824
14353,824
14354,824
14355,824
14356,824
14357,824
14358,824
14359,824
14360,824
14361,824
14362,824
14363,824
14364,824
14365,824
14366,824
14367,824
14368,1159
14369,1159
14370,1159
14371,1159
14372,1159
14373,1159
14374,1159
14375,1159
14376,1159
14377,1159
14378,1159
14379,1159
14380,1159
14381,1159
14382,1159
14383,1159
14384,1159
14385,1159
14386,1159
14387,1159
14388,1159
14389,1159
14390,1159
14391,1159
14392,1159
14393,1159
14394,1159
14395,1159
14396,1159
14397,1159
14398,1159
14399,1159
14400,1159
14401,1159
14402,1159
14403,1159
14404,1159
14405,1159
14406,1159
14407,1159
14408,1159
14409,1159
14410,1159
14411,1159
14412,1159
14413,1159
14414,1159
14415,1159
14416,1159
14417,1159
14418,1159
14419,1159
14420,1159
14421,1159
14422,1159
14423,1159
14424,1159
14425,1159
14426,1159
14427,1159
14428,1159
14429,1159
14430,1159
14431,1159
14432,1159
14433,1159
14434,1159
14435,1159
14436,1159
14437,1159
14438,1159
14439,1159
14440,1159
14441,1159
14442,1159
14443,1159
14444,1159
14445,1159
14446,1159
14447,1159
14448,1159
14449,1159
14450,1159
14451,1159
14452,1159
14453,1159
14454,1159
14455,1159
14456,1159
14457,1159
14458,1159
14459,1159
14460,1159
14461,1159
14462,1159
14463,1159
14464,1159
14465,1159
14466,1159
14467,1159
14468,1159
14469,1159
14470,1159
14471,1159
14472,1159
14473,1159
14474,1159
14475,1159
14476,1159
14477,1159
14478,1159
14479,1159
14480,1159
14481,1159
14482,1159
14483,1159
14484,1159
14485,1159
14486,1159
14487,1159
14488,1159
14489,1159
14490,1159
14491,1159
14492,1159
14493,1159
14494,1159
14495,1159
14496,1159
14497,1159
14498,1159
14499,1159
14500,1159
14501,1159
14502,1159
14503,1159
14504,1159
14505,1159
14506,1159
14507,1159
14508,1159
14509,1159
14510,1159
14511,1159
14512,1159
14513,1159
14514,1159
14515,1159
14516,1159
14517,1159
14518,1159
14519,1159
14520,1159
14521,1159
14522,1159
14523,1159
14524,1159
14525,1159
14526,1159
14527,1159
14528,1159
14529,1159
14530,1159
14531,1159
14532,1159
14533,1159
14534,1159
14535,1159
14536,1159
14537,1159
14538,1159
14539,1159
14540,1159
14541,1159
14542,1159
14543,1159
14544,1159
14545,1159
14546,1159
14547,1159
14548,1159
14549,1159
14550,1159
14551,1159
14552,1159
14553,1159
14554,1159
14555,1159
14556,1159
14557,1159
14558,1159
14559,1159
14560,1159
14561,1159
14562,1159
14563,1159
14564,1159
14565,1159
14566,1159
14567,1159
14568,1159
14569,1159
14570,1159
14571,1159
14572,1159
14573,1159
14574,1159
14575,1159
14576,1159
14577,1159
14578,1159
14579,1159
14580,1159
14581,1159
14582,1159
14583,1159
14584,1159
14585,1159
14586,1159
14587,1159
14588,1159
14589,1159
14590,1159
14591,1159
14592,1159
14593,1159
14594,1159
14595,1159
14596,1159
14597,1159
14598,1159
14599,1159
14600,1159
14601,1159
14602,1159
14603,1159
14604,1159
14605,1159
14606,1159
14607,1159
14608,1159
14609,1159
14610,1159
14611,1159
14612,1159
14613,1159
14614,1159
14615,1159
14616,1159
14617,1159
14618,1159
14619,1159
14620,1159
14621,1159
14622,1159
14623,1159
14624,1159
14625,1159
14626,1159
14627,1159
14628,1159
14629,1159
14630,1159
14631,1159
14632,1159
14633,1159
14634,1159
14635,1159
14636,1159
14637,1159
14638,1159
14639,1159
14640,1159
14641,1159
14642,1159
14643,1159
14644,1159
14645,1159
14646,1159
14647,1159
14648,1159
14649,1159
14650,1159
14651,1159
14652,1159
14653,1159
14654,1159
14655,1159
14656,1159
14657,1159
14658,1159
14659,1159
14660,1159
14661,1159
14662,1159
14663,1159
14664,1159
14665,1159
14666,1159
14667,1159
14668,1159
14669,1159
14670,1159
14671,1159
14672,1159
14673,1159
14674,1159
14675,1159
14676,1159
14677,1159
14678,1159
14679,1159
14680,1159
14681,1159
14682,1159
14683,1159
14684,1159
14685,1159
14686,1159
14687,1159
14688,1159
14689,1159
14690,1159
14691,1159
14692,1159
14693,1159
14694,1159
14695,1159
14696,1159
14697,1159
14698,1159
14699,1159
14700,1159
14701,1159
14702,1159
14703,1159
14704,1159
14705,1159
14706,1159
14707,1159
14708,1159
14709,1159
14710,1159
14711,1159
14712,1159
14713,1159
14714,1159
14715,1159
14716,1159
14717,1159
14718,1159
14719,1159
14720,1159
14721,1159
14722,1159
14723,1159
14724,1159
14725,1159
14726,1159
14727,1159
14728,1159
14729,1159
14730,1159
14731,1159
14732,1159
14733,1159
14734,1159
14735,1159
14736,1159
14737,1159
14738,1159
14739,1159
14740,1159
14741,1159
14742,1159
14743,1159
14744,1159
14745,1159
14746,1159
14747,1159
14748,1159
14749,1159
14750,1159
14751,1159
14752,1159
14753,1159
14754,1159
14755,1159
14756,1159
14757,1159
14758,1159
14759,1159
14760,1159
14761,1159
14762,1159
14763,1159
14764,1159
14765,1159
14766,1159
14767,1159
14768,1159
14769,1159
14770,1159
14771,1159
14772,1159
14773,1159
14774,1159
14775,1159
14776,1159
14777,1159
14778,1159
14779,1159
14780,1159
14781,1159
14782,1159
14783,1159
14784,1159
14785,1159
14786,1159
14787,1159
14788,1159
14789,1159
14790,1159
14791,1159
14792,1159
14793,1159
14794,1159
14795,1159
14796,1159
14797,1159
14798,1159
14799,1159
14800,1159
14801,1159
14802,1159
14803,1159
14804,1159
14805,1159
14806,1159
14807,1159
14808,1159
14809,1159
14810,1159
14811,1159
14812,1159
14813,1159
14814,1159
14815,1159
14816,1159
14817,1159
14818,1159
14819,1159
14820,1159
14821,1159
14822,1159
14823,1159
14824,1159
14825,1159
14826,1159
14827,1159
14828,1159
14829,1159
14830,1159
14831,1159
14832,1159
14833,1159
14834,1159
14835,1159
14836,1159
14837,1159
14838,1159
14839,1159
14840,1159
14841,1159
14842,1159
14843,1159
14844,1159
14845,1159
14846,1159
14847,1159
14848,1159
14849,1159
14850,1159
14851,1159
14852,1159
14853,1159
14854,1159
14855,1159
14856,1159
14857,1159
14858,1159
14859,1159
14860,1159
14861,1159
14862,1159
14863,1159
14864,1159
14865,1159
14866,1159
14867,1159
14868,1159
14869,1159
14870,1159
14871,1159
14872,1159
14873,1159
14874,1159
14875,1159
14876,1159
14877,1159
14878,1159
14879,1159
14880,1159
14881,1159
14882,1159
14883,1159
14884,1159
14885,1159
14886,1159
14887,1159
14888,1159
14889,1159
14890,1159
14891,1159
14892,1159
14893,1159
14894,1159
14895,1159
14896,1159
14897,1159
14898,1159
14899,1159
14900,1159
14901,1159
14902,1159
14903,1159
14904,1159
14905,1159
14906,1159
14907,1159
14908,1159
14909,1159
14910,1159
14911,1159
14912,1159
14913,1159
14914,1159
14915,1159
14916,1159
14917,1159
14918,1159
14919,1159
14920,1159
14921,1159
14922,1159
14923,1159
14924,1159
14925,1159
14926,1159
14927,1159
14928,1159
14929,1159
14930,1159
14931,1159
14932,1159
14933,1159
14934,1159
14935,1159
14936,1159
14937,1159
14938,1159
14939,1159
14940,1159
14941,1159
14942,1159
14943,1159
14944,1159
14945,1159
14946,1159
14947,1159
14948,1159
14949,1159
14950,1159
14951,1159
14952,1159
14953,1159
14954,1159
14955,1159
14956,1159
14957,1159
14958,1159
14959,1159
14960,1159
14961,1159
14962,1159
14963,1159
14964,1159
14965,1159
14966,1159
14967,1159
14968,1159
14969,1159
14970,1159
14971,1159
14972,1159
14973,1159
14974,1159
14975,1159
14976,1159
14977,1159
14978,1159
14979,1159
14980,1159
14981,1159
14982,1159
14983,1159
14984,1159
14985,1159
14986,1159
14987,1159
14988,1159
14989,1159
14990,1159
14991,1159
14992,1159
14993,1159
14994,1159
14995,1159
14996,1159
14997,1159
14998,1159
14999,1159
15000,1159
15001,1159
15002,1159
15003,1159
15004,1159
15005,1159
15006,1159
15007,1159
15008,1159
15009,1159
15010,1159
15011,1159
15012,1159
15013,1159
15014,1159
15015,1159
15016,1159
15017,1159
15018,1159
15019,1159
15020,1159
15021,1159
15022,1159
15023,1159
15024,1159
15025,1159
15026,1159
15027,1159
15028,1159
15029,1159
15030,1159
15031,1159
15032,1159
15033,1159
15034,1159
15035,1159
15036,1159
15037,1159
15038,1159
15039,1159
15040,1159
15041,1159
15042,1159
15043,1159
15044,1159
15045,1159
15046,1159
15047,1159
15048,1159
15049,1159
15050,1159
15051,1159
15052,1159
15053,1159
15054,1159
15055,1159
15056,1159
15057,1159
15058,1159
15059,1159
15060,1159
15061,1159
15062,1159
15063,1159
15064,1159
15065,1159
15066,1159
15067,1159
15068,1159
15069,1159
15070,1159
15071,1159
15072,1159
15073,1159
15074,1159
15075,1159
15076,1159
15077,1159
15078,1159
15079,1159
15080,1159
15081,1159
15082,1159
15083,1159
15084,1159
15085,1159
15086,1159
15087,1159
15088,1159
15089,1159
15090,1159
15091,1159
15092,1159
15093,1159
15094,1159
15095,1159
15096,1159
15097,1159
15098,1159
15099,1159
15100,1159
15101,1159
15102,1159
15103,1159
15104,1159
15105,1159
15106,1159
15107,1159
15108,1159
15109,1159
15110,1159
15111,1159
15112,991
15113,991
15114,991
15115,991
15116,991
15117,991
15118,991
15119,991
15120,991
15121,991
15122,991
15123,991
15124,991
15125,991
15126,991
15127,991
15128,991
15129,991
15130,991
15131,991
15132,991
15133,991
15134,991
15135,991
15136,991
15137,991
15138,991
15139,991
15140,991
15141,991
15142,991
15143,991
15144,991
15145,991
15146,991
15147,991
15148,991
15149,991
15150,991
15151,991
15152,991
15153,991
15154,991
15155,991
15156,991
15157,991
15158,991
15159,991
15160,991
15161,991
15162,991
15163,991
15164,991
15165,991
15166,991
15167,991
15168,991
15169,991
15170,991
15171,991
15172,991
15173,991
15174,991
15175,991
15176,991
15177,991
15178,991
15179,991
15180,991
15181,991
15182,991
15183,991
15184,991
15185,991
15186,991
15187,991
15188,991
15189,991
15190,991
15191,991
15192,991
15193,991
15194,991
15195,991
15196,991
15197,991
15198,991
15199,991
15200,991
15201,991
15202,991
15203,991
15204,991
15205,991
15206,991
15207,991
15208,991
15209,991
15210,991
15211,991
15212,991
15213,991
15214,991
15215,991
15216,991
15217,991
15218,991
15219,991
15220,991
15221,991
15222,991
15223,991
15224,991
15225,991
15226,991
15227,991
15228,991
15229,991
15230,991
15231,991
15232,991
15233,991
15234,991
15235,991
15236,991
15237,991
15238,991
15239,991
15240,991
15241,991
15242,991
15243,991
15244,991
15245,991
15246,991
15247,991
15248,991
15249,991
15250,991
15251,991
15252,991
15253,991
15254,991
15255,991
15256,991
15257,991
15258,991
15259,991
15260,991
15261,991
15262,991
15263,991
15264,991
15265,991
15266,991
15267,991
15268,991
15269,991
15270,991
15271,991
15272,991
15273,991
15274,991
15275,991
15276,991
15277,991
15278,991
15279,991
15280,991
15281,991
15282,991
15283,991
15284,991
15285,991
15286,991
15287,991
15288,991
15289,991
15290,991
15291,991
15292,991
15293,991
15294,991
15295,991
15296,991
15297,991
15298,991
15299,991
15300,991
15301,991
15302,991
15303,991
15304,991
15305,991
15306,991
15307,991
15308,991
15309,991
15310,991
15311,991
15312,991
15313,991
15314,991
15315,991
15316,991
15317,991
15318,991
15319,991
15320,991
15321,991
15322,991
15323,991
15324,991
15325,991
15326,991
15327,991
15328,991
15329,991
15330,991
15331,991
15332,991
15333,991
15334,991
15335,991
15336,991
15337,991
15338,991
15339,991
15340,991
15341,991
15342,991
15343,991
15344,991
15345,991
15346,991
15347,991
15348,991
15349,991
15350,991
15351,991
15352,991
15353,991
15354,991
15355,991
15356,991
15357,991
15358,991
15359,991
15360,991
15361,991
15362,991
15363,991
15364,991
15365,991
15366,991
15367,991
15368,991
15369,991
15370,991
15371,991
15372,991
15373,991
15374,991
15375,991
15376,991
15377,991
15378,991
15379,991
15380,991
15381,991
15382,991
15383,991
15384,991
15385,991
15386,991
15387,991
15388,991
15389,991
15390,991
15391,991
15392,991
15393,991
15394,991
15395,991
15396,991
15397,991
15398,991
15399,991
15400,991
15401,991
15402,991
15403,991
15404,991
15405,991
15406,991
15407,991
15408,991
15409,991
15410,991
15411,991
15412,991
15413,991
15414,991
15415,991
15416,991
15417,991
15418,991
15419,991
15420,991
15421,991
15422,991
15423,991
15424,991
15425,991
15426,991
15427,991
15428,991
15429,991
15430,991
15431,991
15432,991
15433,991
15434,991
15435,991
15436,991
15437,991
15438,991
15439,991
15440,991
15441,991
15442,991
15443,991
15444,991
15445,991
15446,991
15447,991
15448,991
15449,991
15450,991
15451,991
15452,991
15453,991
15454,991
15455,991
15456,991
15457,991
15458,991
15459,991
15460,991
15461,991
15462,991
15463,991
15464,991
15465,991
15466,991
15467,991
15468,991
15469,991
15470,991
15471,991
15472,991
15473,991
15474,991
15475,991
15476,991
15477,991
15478,991
15479,991
15480,991
15481,991
15482,991
15483,991
15484,991
15485,991
15486,991
15487,991
15488,991
15489,991
15490,991
15491,991
15492,991
15493,991
15494,991
15495,991
15496,991
15497,991
15498,991
15499,991
15500,991
15501,991
15502,991
15503,991
15504,991
15505,991
15506,991
15507,991
15508,991
15509,991
15510,991
15511,991
15512,991
15513,991
15514,991
15515,991
15516,991
15517,991
15518,991
15519,991
15520,991
15521,991
15522,991
15523,991
15524,991
15525,991
15526,991
15527,991
15528,991
15529,991
15530,991
15531,991
15532,991
15533,991
15534,991
15535,991
15536,991
15537,991
15538,991
15539,991
15540,991
15541,991
15542,991
15543,991
15544,991
15545,991
15546,991
15547,991
15548,991
15549,991
15550,991
15551,991
15552,991
15553,991
15554,991
15555,991
15556,991
15557,991
15558,991
15559,991
15560,991
15561,991
15562,991
15563,991
15564,991
15565,991
15566,991
15567,991
15568,991
15569,991
15570,991
15571,991
15572,991
15573,991
15574,991
15575,991
15576,991
15577,991
15578,991
15579,991
15580,991
15581,991
15582,991
15583,991
15584,991
15585,991
15586,991
15587,991
15588,991
15589,991
15590,991
15591,991
15592,991
15593,991
15594,991
15595,991
15596,991
15597,991
15598,991
15599,991
15600,991
15601,991
15602,991
15603,991
15604,991
15605,991
15606,991
15607,991
15608,991
15609,991
15610,991
15611,991
15612,991
15613,991
15614,991
15615,991
15616,991
15617,991
15618,991
15619,991
15620,991
15621,991
15622,991
15623,991
15624,991
15625,991
15626,991
15627,991
15628,991
15629,991
15630,991
15631,991
15632,991
15633,991
15634,991
15635,991
15636,991
15637,991
15638,991
15639,991
15640,991
15641,991
15642,991
15643,991
15644,991
15645,991
15646,991
15647,991
15648,991
15649,991
15650,991
15651,991
15652,991
15653,991
15654,991
15655,991
15656,991
15657,991
15658,991
15659,991
15660,991
15661,991
15662,991
15663,991
15664,991
15665,991
15666,991
15667,991
15668,991
15669,991
15670,991
15671,991
15672,991
15673,991
15674,991
15675,991
15676,991
15677,991
15678,991
15679,991
15680,991
15681,991
15682,991
15683,991
15684,991
15685,991
15686,991
15687,991
15688,991
15689,991
15690,991
15691,991
15692,991
15693,991
15694,991
15695,991
15696,991
15697,991
15698,991
15699,991
15700,991
15701,991
15702,991
15703,991
15704,991
15705,991
15706,991
15707,991
15708,991
15709,991
15710,991
15711,991
15712,991
15713,991
15714,991
15715,991
15716,991
15717,991
15718,991
15719,991
15720,991
15721,991
15722,991
15723,991
15724,991
15725,991
15726,991
15727,991
15728,991
15729,991
15730,991
15731,991
15732,991
15733,991
15734,991
15735,991
15736,991
15737,991
15738,991
15739,991
15740,991
15741,991
15742,991
15743,991
15744,991
15745,991
15746,991
15747,991
15748,991
15749,991
15750,991
15751,991
15752,991
15753,991
15754,991
15755,991
15756,991
15757,991
15758,991
15759,991
15760,991
15761,991
15762,991
15763,991
15764,991
15765,991
15766,991
15767,991
15768,991
15769,991
15770,991
15771,991
15772,991
15773,991
15774,991
15775,991
15776,991
15777,991
15778,991
15779,991
15780,991
15781,991
15782,991
15783,991
15784,991
15785,991
15786,991
15787,991
15788,991
15789,991
15790,991
15791,991
15792,991
15793,991
15794,991
15795,991
15796,991
15797,991
15798,991
15799,991
15800,991
15801,991
15802,991
15803,991
15804,991
15805,991
15806,991
15807,991
15808,991
15809,991
15810,991
15811,991
15812,991
15813,991
15814,991
15815,991
15816,991
15817,991
15818,991
15819,991
15820,991
15821,991
15822,991
15823,991
15824,991
15825,991
15826,991
15827,991
15828,991
15829,991
15830,991
15831,991
15832,991
15833,991
15834,991
15835,991
15836,991
15837,991
15838,991
15839,991
15840,991
15841,991
15842,991
15843,991
15844,991
15845,991
15846,991
15847,991
15848,991
15849,991
15850,991
15851,991
15852,991
15853,991
15854,991
15855,991
15856,824
15857,824
15858,824
15859,824
15860,824
15861,824
15862,824
15863,824
15864,824
15865,824
15866,824
15867,824
15868,824
15869,824
15870,824
15871,824
15872,824
15873,824
15874,824
15875,824
15876,824
15877,824
15878,824
15879,824
15880,824
15881,824
15882,824
15883,824
15884,824
15885,824
15886,824
15887,824
15888,824
15889,824
15890,824
15891,824
15892,824
15893,824
15894,824
15895,824
15896,824
15897,824
15898,824
15899,824
15900,824
15901,824
15902,824
15903,824
15904,824
15905,824
15906,824
15907,824
15908,824
15909,824
15910,824
15911,824
15912,824
15913,824
15914,824
15915,824
15916,824
15917,824
15918,824
15919,824
15920,824
15921,824
15922,824
15923,824
15924,824
15925,824
15926,824
15927,824
15928,824
15929,824
15930,824
15931,824
15932,824
15933,824
15934,824
15935,824
15936,824
15937,824
15938,824
15939,824
15940,824
15941,824
15942,824
15943,824
15944,824
15945,824
15946,824
15947,824
15948,824
15949,824
15950,824
15951,824
15952,824
15953,824
15954,824
15955,824
15956,824
15957,824
15958,824
15959,824
15960,824
15961,824
15962,824
15963,824
15964,824
15965,824
15966,824
15967,824
15968,824
15969,824
15970,824
15971,824
15972,824
15973,824
15974,824
15975,824
15976,824
15977,824
15978,824
15979,824
15980,824
15981,824
15982,824
15983,824
15984,824
15985,824
15986,824
15987,824
15988,824
15989,824
15990,824
15991,824
15992,824
15993,824
15994,824
15995,824
15996,824
15997,824
15998,824
15999,824
16000,824
16001,824
16002,824
16003,824
16004,824
16005,824
16006,824
16007,824
16008,824
16009,824
16010,824
16011,824
16012,824
16013,824
16014,824
16015,824
16016,824
16017,824
16018,824
16019,824
16020,824
16021,824
16022,824
16023,824
16024,824
16025,824
16026,824
16027,824
16028,824
16029,824
16030,824
16031,824
16032,824
16033,824
16034,824
16035,824
16036,824
16037,824
16038,824
16039,824
16040,824
16041,824
16042,824
16043,824
16044,824
16045,824
16046,824
16047,824
16048,824
16049,824
16050,824
16051,824
16052,824
16053,824
16054,824
16055,824
16056,824
16057,824
16058,824
16059,824
16060,824
16061,824
16062,824
16063,824
16064,824
16065,824
16066,824
16067,824
16068,824
16069,824
16070,824
16071,824
16072,824
16073,824
16074,824
16075,824
16076,824
16077,824
16078,824
16079,824
16080,824
16081,824
16082,824
16083,824
16084,824
16085,824
16086,824
16087,824
16088,824
16089,824
16090,824
16091,824
16092,824
16093,824
16094,824
16095,824
16096,824
16097,824
16098,824
16099,824
16100,824
16101,824
16102,824
16103,824
16104,824
16105,824
16106,824
16107,824
16108,824
16109,824
16110,824
16111,824
16112,824
16113,824
16114,824
16115,824
16116,824
16117,824
16118,824
16119,824
16120,824
16121,824
16122,824
16123,824
16124,824
16125,824
16126,824
16127,824
16128,824
16129,824
16130,824
16131,824
16132,824
16133,824
16134,824
16135,824
16136,824
16137,824
16138,824
16139,824
16140,824
16141,824
16142,824
16143,824
16144,824
16145,824
16146,824
16147,824
16148,824
16149,824
16150,824
16151,824
16152,824
16153,824
16154,824
16155,824
16156,824
16157,824
16158,824
16159,824
16160,824
16161,824
16162,824
16163,824
16164,824
16165,824
16166,824
16167,824
16168,824
16169,824
16170,824
16171,824
16172,824
16173,824
16174,824
16175,824
16176,824
16177,824
16178,824
16179,824
16180,824
16181,824
16182,824
16183,824
16184,824
16185,824
16186,824
16187,824
16188,824
16189,824
16190,824
16191,824
16192,824
16193,824
16194,824
16195,824
16196,824
16197,824
16198,824
16199,824
16200,824
16201,824
16202,824
16203,824
16204,824
16205,824
16206,824
16207,824
16208,824
16209,824
16210,824
16211,824
16212,824
16213,824
16214,824
16215,824
16216,824
16217,824
16218,824
16219,824
16220,824
16221,824
16222,824
16223,824
16224,824
16225,824
16226,824
16227,824
16228,824
16229,824
16230,824
16231,824
16232,824
16233,824
16234,824
16235,824
16236,824
16237,824
16238,824
16239,824
16240,824
16241,824
16242,824
16243,824
16244,824
16245,824
16246,824
16247,824
16248,824
16249,824
16250,824
16251,824
16252,824
16253,824
16254,824
16255,824
16256,824
16257,824
16258,824
16259,824
16260,824
16261,824
16262,824
16263,824
16264,824
16265,824
16266,824
16267,824
16268,824
16269,824
16270,824
16271,824
16272,824
16273,824
16274,824
16275,824
16276,824
16277,824
16278,824
16279,824
16280,824
16281,824
16282,824
16283,824
16284,824
16285,824
16286,824
16287,824
16288,824
16289,824
16290,824
16291,824
16292,824
16293,824
16294,824
16295,824
16296,824
16297,824
16298,824
16299,824
16300,824
16301,824
16302,824
16303,824
16304,824
16305,824
16306,824
16307,824
16308,824
16309,824
16310,824
16311,824
16312,824
16313,824
16314,824
16315,824
16316,824
16317,824
16318,824
16319,824
16320,824
16321,824
16322,824
16323,824
16324,824
16325,824
16326,824
16327,824
16328,824
16329,824
16330,824
16331,824
16332,824
16333,824
16334,824
16335,824
16336,824
16337,824
16338,824
16339,824
16340,824
16341,824
16342,824
16343,824
16344,824
16345,824
16346,824
16347,824
16348,824
16349,824
16350,824
16351,824
16352,824
16353,824
16354,824
16355,824
16356,824
16357,824
16358,824
16359,824
16360,824
16361,824
16362,824
16363,824
16364,824
16365,824
16366,824
16367,824
16368,824
16369,824
16370,824
16371,824
16372,824
16373,824
16374,824
16375,824
16376,824
16377,824
16378,824
16379,824
16380,824
16381,824
16382,824
16383,824
16384,824
16385,824
16386,824
16387,824
16388,824
16389,824
16390,824
16391,824
16392,824
16393,824
16394,824
16395,824
16396,824
16397,824
16398,824
16399,824
16400,824
16401,824
16402,824
16403,824
16404,824
16405,824
16406,824
16407,824
16408,824
16409,824
16410,824
16411,824
16412,824
16413,824
16414,824
16415,824
16416,824
16417,824
16418,824
16419,824
16420,824
16421,824
16422,824
16423,824
16424,824
16425,824
16426,824
16427,824
16428,824
16429,824
16430,824
16431,824
16432,824
16433,824
16434,824
16435,824
16436,824
16437,824
16438,824
16439,824
16440,824
16441,824
16442,824
16443,824
16444,824
16445,824
16446,824
16447,824
16448,824
16449,824
16450,824
16451,824
16452,824
16453,824
16454,824
16455,824
16456,824
16457,824
16458,824
16459,824
16460,824
16461,824
16462,824
16463,824
16464,824
16465,824
16466,824
16467,824
16468,824
16469,824
16470,824
16471,824
16472,824
16473,824
16474,824
16475,824
16476,824
16477,824
16478,824
16479,824
16480,824
16481,824
16482,824
16483,824
16484,824
16485,824
16486,824
16487,824
16488,824
16489,824
16490,824
16491,824
16492,824
16493,824
16494,824
16495,824
16496,824
16497,824
16498,824
16499,824
16500,824
16501,824
16502,824
16503,824
16504,824
16505,824
16506,824
16507,824
16508,824
16509,824
16510,824
16511,824
16512,824
16513,824
16514,824
16515,824
16516,824
16517,824
16518,824
16519,824
16520,824
16521,824
16522,824
16523,824
16524,824
16525,824
16526,824
16527,824
16528,824
16529,824
16530,824
16531,824
16532,824
16533,824
16534,824
16535,824
16536,824
16537,824
16538,824
16539,824
16540,824
16541,824
16542,824
16543,824
16544,824
16545,824
16546,824
16547,824
16548,824
16549,824
16550,824
16551,824
16552,824
16553,824
16554,824
16555,824
16556,824
16557,824
16558,824
16559,824
16560,824
16561,824
16562,824
16563,824
16564,824
16565,824
16566,824
16567,824
16568,824
16569,824
16570,824
16571,824
16572,824
16573,824
16574,824
16575,824
16576,1159
16577,1159
16578,1159
16579,1159
16580,1159
16581,1159
16582,1159
16583,1159
16584,1159
16585,1159
16586,1159
16587,1159
16588,1159
16589,1159
16590,1159
16591,1159
16592,1159
16593,1159
16594,1159
16595,1159
16596,1159
16597,1159
16598,1159
16599,1159
16600,1159
16601,1159
16602,1159
16603,1159
16604,1159
16605,1159
16606,1159
16607,1159
16608,1159
16609,1159
16610,1159
16611,1159
16612,1159
16613,1159
16614,1159
16615,1159
16616,1159
16617,1159
16618,1159
16619,1159
16620,1159
16621,1159
16622,1159
16623,1159
16624,1159
16625,1159
16626,1159
16627,1159
16628,1159
16629,1159
16630,1159
16631,1159
16632,1159
16633,1159
16634,1159
16635,1159
16636,1159
16637,1159
16638,1159
16639,1159
16640,1159
16641,1159
16642,1159
16643,1159
16644,1159
16645,1159
16646,1159
16647,1159
16648,1159
16649,1159
16650,1159
16651,1159
16652,1159
16653,1159
16654,1159
16655,1159
16656,1159
16657,1159
16658,1159
16659,1159
16660,1159
16661,1159
16662,1159
16663,1159
16664,1159
16665,1159
16666,1159
16667,1159
16668,1159
16669,1159
16670,1159
16671,1159
16672,1159
16673,1159
16674,1159
16675,1159
16676,1159
16677,1159
16678,1159
16679,1159
16680,1159
16681,1159
16682,1159
16683,1159
16684,1159
16685,1159
16686,1159
16687,1159
16688,1159
16689,1159
16690,1159
16691,1159
16692,1159
16693,1159
16694,1159
16695,1159
16696,1159
16697,1159
16698,1159
16699,1159
16700,1159
16701,1159
16702,1159
16703,1159
16704,1159
16705,1159
16706,1159
16707,1159
16708,1159
16709,1159
16710,1159
16711,1159
16712,1159
16713,1159
16714,1159
16715,1159
16716,1159
16717,1159
16718,1159
16719,1159
16720,1159
16721,1159
16722,1159
16723,1159
16724,1159
16725,1159
16726,1159
16727,1159
16728,1159
16729,1159
16730,1159
16731,1159
16732,1159
16733,1159
16734,1159
16735,1159
16736,1159
16737,1159
16738,1159
16739,1159
16740,1159
16741,1159
16742,1159
16743,1159
16744,1159
16745,1159
16746,1159
16747,1159
16748,1159
16749,1159
16750,1159
16751,1159
16752,1159
16753,1159
16754,1159
16755,1159
16756,1159
16757,1159
16758,1159
16759,1159
16760,1159
16761,1159
16762,1159
16763,1159
16764,1159
16765,1159
16766,1159
16767,1159
16768,1159
16769,1159
16770,1159
16771,1159
16772,1159
16773,1159
16774,1159
16775,1159
16776,1159
16777,1159
16778,1159
16779,1159
16780,1159
16781,1159
16782,1159
16783,1159
16784,1159
16785,1159
16786,1159
16787,1159
16788,1159
16789,1159
16790,1159
16791,1159
16792,1159
16793,1159
16794,1159
16795,1159
16796,1159
16797,1159
16798,1159
16799,1159
16800,1159
16801,1159
16802,1159
16803,1159
16804,1159
16805,1159
16806,1159
16807,1159
16808,1159
16809,1159
16810,1159
16811,1159
16812,1159
16813,1159
16814,1159
16815,1159
16816,1159
16817,1159
16818,1159
16819,1159
16820,1159
16821,1159
16822,1159
16823,1159
16824,1159
16825,1159
16826,1159
16827,1159
16828,1159
16829,1159
16830,1159
16831,1159
16832,1159
16833,1159
16834,1159
16835,1159
16836,1159
16837,1159
16838,1159
16839,1159
16840,1159
16841,1159
16842,1159
16843,1159
16844,1159
16845,1159
16846,1159
16847,1159
16848,1159
16849,1159
16850,1159
16851,1159
16852,1159
16853,1159
16854,1159
16855,1159
16856,1159
16857,1159
16858,1159
16859,1159
16860,1159
16861,1159
16862,1159
16863,1159
16864,1159
16865,1159
16866,1159
16867,1159
16868,1159
16869,1159
16870,1159
16871,1159
16872,1159
16873,1159
16874,1159
16875,1159
16876,1159
16877,1159
16878,1159
16879,1159
16880,1159
16881,1159
16882,1159
16883,1159
16884,1159
16885,1159
16886,1159
16887,1159
16888,1159
16889,1159
16890,1159
16891,1159
16892,1159
16893,1159
16894,1159
16895,1159
16896,1159
16897,1159
16898,1159
16899,1159
16900,1159
16901,1159
16902,1159
16903,1159
16904,1159
16905,1159
16906,1159
16907,1159
16908,1159
16909,1159
16910,1159
16911,1159
16912,1159
16913,1159
16914,1159
16915,1159
16916,1159
16917,1159
16918,1159
16919,1159
16920,1159
16921,1159
16922,1159
16923,1159
16924,1159
16925,1159
16926,1159
16927,1159
16928,1159
16929,1159
16930,1159
16931,1159
16932,1159
16933,1159
16934,1159
16935,1159
16936,1159
16937,1159
16938,1159
16939,1159
16940,1159
16941,1159
16942,1159
16943,1159
16944,1159
16945,1159
16946,1159
16947,1159
16948,1159
16949,1159
16950,1159
16951,1159
16952,1159
16953,1159
16954,1159
16955,1159
16956,1159
16957,1159
16958,1159
16959,1159
16960,1159
16961,1159
16962,1159
16963,1159
16964,1159
16965,1159
16966,1159
16967,1159
16968,1159
16969,1159
16970,1159
16971,1159
16972,1159
16973,1159
16974,1159
16975,1159
16976,1159
16977,1159
16978,1159
16979,1159
16980,1159
16981,1159
16982,1159
16983,1159
16984,1159
16985,1159
16986,1159
16987,1159
16988,1159
16989,1159
16990,1159
16991,1159
16992,1159
16993,1159
16994,1159
16995,1159
16996,1159
16997,1159
16998,1159
16999,1159
17000,1159
17001,1159
17002,1159
17003,1159
17004,1159
17005,1159
17006,1159
17007,1159
17008,1159
17009,1159
17010,1159
17011,1159
17012,1159
17013,1159
17014,1159
17015,1159
17016,1159
17017,1159
17018,1159
17019,1159
17020,1159
17021,1159
17022,1159
17023,1159
17024,1159
17025,1159
17026,1159
17027,1159
17028,1159
17029,1159
17030,1159
17031,1159
17032,1159
17033,1159
17034,1159
17035,1159
17036,1159
17037,1159
17038,1159
17039,1159
17040,1159
17041,1159
17042,1159
17043,1159
17044,1159
17045,1159
17046,1159
17047,1159
17048,1159
17049,1159
17050,1159
17051,1159
17052,1159
17053,1159
17054,1159
17055,1159
17056,1159
17057,1159
17058,1159
17059,1159
17060,1159
17061,1159
17062,1159
17063,1159
17064,1159
17065,1159
17066,1159
17067,1159
17068,1159
17069,1159
17070,1159
17071,1159
17072,1159
17073,1159
17074,1159
17075,1159
17076,1159
17077,1159
17078,1159
17079,1159
17080,1159
17081,1159
17082,1159
17083,1159
17084,1159
17085,1159
17086,1159
17087,1159
17088,1159
17089,1159
17090,1159
17091,1159
17092,1159
17093,1159
17094,1159
17095,1159
17096,1159
17097,1159
17098,1159
17099,1159
17100,1159
17101,1159
17102,1159
17103,1159
17104,1159
17105,1159
17106,1159
17107,1159
17108,1159
17109,1159
17110,1159
17111,1159
17112,1159
17113,1159
17114,1159
17115,1159
17116,1159
17117,1159
17118,1159
17119,1159
17120,1159
17121,1159
17122,1159
17123,1159
17124,1159
17125,1159
17126,1159
17127,1159
17128,1159
17129,1159
17130,1159
17131,1159
17132,1159
17133,1159
17134,1159
17135,1159
17136,1159
17137,1159
17138,1159
17139,1159
17140,1159
17141,1159
17142,1159
17143,1159
17144,1159
17145,1159
17146,1159
17147,1159
17148,1159
17149,1159
17150,1159
17151,1159
17152,1159
17153,1159
17154,1159
17155,1159
17156,1159
17157,1159
17158,1159
17159,1159
17160,1159
17161,1159
17162,1159
17163,1159
17164,1159
17165,1159
17166,1159
17167,1159
17168,1159
17169,1159
17170,1159
17171,1159
17172,1159
17173,1159
17174,1159
17175,1159
17176,1159
17177,1159
17178,1159
17179,1159
17180,1159
17181,1159
17182,1159
17183,1159
17184,1159
17185,1159
17186,1159
17187,1159
17188,1159
17189,1159
17190,1159
17191,1159
17192,1159
17193,1159
17194,1159
17195,1159
17196,1159
17197,1159
17198,1159
17199,1159
17200,1159
17201,1159
17202,1159
17203,1159
17204,1159
17205,1159
17206,1159
17207,1159
17208,1159
17209,1159
17210,1159
17211,1159
17212,1159
17213,1159
17214,1159
17215,1159
17216,1159
17217,1159
17218,1159
17219,1159
17220,1159
17221,1159
17222,1159
17223,1159
17224,1159
17225,1159
17226,1159
17227,1159
17228,1159
17229,1159
17230,1159
17231,1159
17232,1159
17233,1159
17234,1159
17235,1159
17236,1159
17237,1159
17238,1159
17239,1159
17240,1159
17241,1159
17242,1159
17243,1159
17244,1159
17245,1159
17246,1159
17247,1159
17248,1159
17249,1159
17250,1159
17251,1159
17252,1159
17253,1159
17254,1159
17255,1159
17256,1159
17257,1159
17258,1159
17259,1159
17260,1159
17261,1159
17262,1159
17263,1159
17264,1159
17265,1159
17266,1159
17267,1159
17268,1159
17269,1159
17270,1159
17271,1159
17272,1159
17273,1159
17274,1159
17275,1159
17276,1159
17277,1159
17278,1159
17279,1159
17280,1159
17281,1159
17282,1159
17283,1159
17284,1159
17285,1159
17286,1159
17287,1159
17288,1159
17289,1159
17290,1159
17291,1159
17292,1159
17293,1159
17294,1159
17295,1159
17296,1159
17297,1159
17298,1159
17299,1159
17300,1159
17301,1159
17302,1159
17303,1159
17304,1159
17305,1159
17306,1159
17307,1159
17308,1159
17309,1159
17310,1159
17311,1159
17312,1159
17313,1159
17314,1159
17315,1159
17316,1159
17317,1159
17318,1159
17319,1159
17320,991
17321,991
17322,991
17323,991
17324,991
17325,991
17326,991
17327,991
17328,991
17329,991
17330,991
17331,991
17332,991
17333,991
17334,991
17335,991
17336,991
17337,991
17338,991
17339,991
17340,991
17341,991
17342,991
17343,991
17344,991
17345,991
17346,991
17347,991
17348,991
17349,991
17350,991
17351,991
17352,991
17353,991
17354,991
17355,991
17356,991
17357,991
17358,991
17359,991
17360,991
17361,991
17362,991
17363,991
17364,991
17365,991
17366,991
17367,991
17368,991
17369,991
17370,991
17371,991
17372,991
17373,991
17374,991
17375,991
17376,991
17377,991
17378,991
17379,991
17380,991
17381,991
17382,991
17383,991
17384,991
17385,991
17386,991
17387,991
17388,991
17389,991
17390,991
17391,991
17392,991
17393,991
17394,991
17395,991
17396,991
17397,991
17398,991
17399,991
17400,991
17401,991
17402,991
17403,991
17404,991
17405,991
17406,991
17407,991
17408,991
17409,991
17410,991
17411,991
17412,991
17413,991
17414,991
17415,991
17416,991
17417,991
17418,991
17419,991
17420,991
17421,991
17422,991
17423,991
17424,991
17425,991
17426,991
17427,991
17428,991
17429,991
17430,991
17431,991
17432,991
17433,991
17434,991
17435,991
17436,991
17437,991
17438,991
17439,991
17440,991
17441,991
17442,991
17443,991
17444,991
17445,991
17446,991
17447,991
17448,991
17449,991
17450,991
17451,991
17452,991
17453,991
17454,991
17455,991
17456,991
17457,991
17458,991
17459,991
17460,991
17461,991
17462,991
17463,991
17464,991
17465,991
17466,991
17467,991
17468,991
17469,991
17470,991
17471,991
17472,991
17473,991
17474,991
17475,991
17476,991
17477,991
17478,991
17479,991
17480,991
17481,991
17482,991
17483,991
17484,991
17485,991
17486,991
17487,991
17488,991
17489,991
17490,991
17491,991
17492,991
17493,991
17494,991
17495,991
17496,991
17497,991
17498,991
17499,991
17500,991
17501,991
17502,991
17503,991
17504,991
17505,991
17506,991
17507,991
17508,991
17509,991
17510,991
17511,991
17512,991
17513,991
17514,991
17515,991
17516,991
17517,991
17518,991
17519,991
17520,991
17521,991
17522,991
17523,991
17524,991
17525,991
17526,991
17527,991
17528,991
17529,991
17530,991
17531,991
17532,991
17533,991
17534,991
17535,991
17536,991
17537,991
17538,991
17539,991
17540,991
17541,991
17542,991
17543,991
17544,991
17545,991
17546,991
17547,991
17548,991
17549,991
17550,991
17551,991
17552,991
17553,991
17554,991
17555,991
17556,991
17557,991
17558,991
17559,991
17560,991
17561,991
17562,991
17563,991
17564,991
17565,991
17566,991
17567,991
17568,991
17569,991
17570,991
17571,991
17572,991
17573,991
17574,991
17575,991
17576,991
17577,991
17578,991
17579,991
17580,991
17581,991
17582,991
17583,991
17584,991
17585,991
17586,991
17587,991
17588,991
17589,991
17590,991
17591,991
17592,991
17593,991
17594,991
17595,991
17596,991
17597,991
17598,991
17599,991
17600,991
17601,991
17602,991
17603,991
17604,991
17605,991
17606,991
17607,991
17608,991
17609,991
17610,991
17611,991
17612,991
17613,991
17614,991
17615,991
17616,991
17617,991
17618,991
17619,991
17620,991
17621,991
17622,991
17623,991
17624,991
17625,991
17626,991
17627,991
17628,991
17629,991
17630,991
17631,991
17632,991
17633,991
17634,991
17635,991
17636,991
17637,991
17638,991
17639,991
17640,991
17641,991
17642,991
17643,991
17644,991
17645,991
17646,991
17647,991
17648,991
17649,991
17650,991
17651,991
17652,991
17653,991
17654,991
17655,991
17656,991
17657,991
17658,991
17659,991
17660,991
17661,991
17662,991
17663,991
17664,991
17665,991
17666,991
17667,991
17668,991
17669,991
17670,991
17671,991
17672,991
17673,991
17674,991
17675,991
17676,991
17677,991
17678,991
17679,991
17680,991
17681,991
17682,991
17683,991
17684,991
17685,991
17686,991
17687,991
17688,991
17689,991
17690,991
17691,991
17692,991
17693,991
17694,991
17695,991
17696,991
17697,991
17698,991
17699,991
17700,991
17701,991
17702,991
17703,991
17704,991
17705,991
17706,991
17707,991
17708,991
17709,991
17710,991
17711,991
17712,991
17713,991
17714,991
17715,991
17716,991
17717,991
17718,991
17719,991
17720,991
17721,991
17722,991
17723,991
17724,991
17725,991
17726,991
17727,991
17728,991
17729,991
17730,991
17731,991
17732,991
17733,991
17734,991
17735,991
17736,991
17737,991
17738,991
17739,991
17740,991
17741,991
17742,991
17743,991
17744,991
17745,991
17746,991
17747,991
17748,991
17749,991
17750,991
17751,991
17752,991
17753,991
17754,991
17755,991
17756,991
17757,991
17758,991
17759,991
17760,991
17761,991
17762,991
17763,991
17764,991
17765,991
17766,991
17767,991
17768,991
17769,991
17770,991
17771,991
17772,991
17773,991
17774,991
17775,991
17776,991
17777,991
17778,991
17779,991
17780,991
17781,991
17782,991
17783,991
17784,991
17785,991
17786,991
17787,991
17788,991
17789,991
17790,991
17791,991
17792,991
17793,991
17794,991
17795,991
17796,991
17797,991
17798,991
17799,991
17800,991
17801,991
17802,991
17803,991
17804,991
17805,991
17806,991
17807,991
17808,991
17809,991
17810,991
17811,991
17812,991
17813,991
17814,991
17815,991
17816,991
17817,991
17818,991
17819,991
17820,991
17821,991
17822,991
17823,991
17824,991
17825,991
17826,991
17827,991
17828,991
17829,991
17830,991
17831,991
17832,991
17833,991
17834,991
17835,991
17836,991
17837,991
17838,991
17839,991
17840,991
17841,991
17842,991
17843,991
17844,991
17845,991
17846,991
17847,991
17848,991
17849,991
17850,991
17851,991
17852,991
17853,991
17854,991
17855,991
17856,991
17857,991
17858,991
17859,991
17860,991
17861,991
17862,991
17863,991
17864,991
17865,991
17866,991
17867,991
17868,991
17869,991
17870,991
17871,991
17872,991
17873,991
17874,991
17875,991
17876,991
17877,991
17878,991
17879,991
17880,991
17881,991
17882,991
17883,991
17884,991
17885,991
17886,991
17887,991
17888,991
17889,991
17890,991
17891,991
17892,991
17893,991
17894,991
17895,991
17896,991
17897,991
17898,991
17899,991
17900,991
17901,991
17902,991
17903,991
17904,991
17905,991
17906,991
17907,991
17908,991
17909,991
17910,991
17911,991
17912,991
17913,991
17914,991
17915,991
17916,991
17917,991
17918,991
17919,991
17920,991
17921,991
17922,991
17923,991
17924,991
17925,991
17926,991
17927,991
17928,991
17929,991
17930,991
17931,991
17932,991
17933,991
17934,991
17935,991
17936,991
17937,991
17938,991
17939,991
17940,991
17941,991
17942,991
17943,991
17944,991
17945,991
17946,991
17947,991
17948,991
17949,991
17950,991
17951,991
17952,991
17953,991
17954,991
17955,991
17956,991
17957,991
17958,991
17959,991
17960,991
17961,991
17962,991
17963,991
17964,991
17965,991
17966,991
17967,991
17968,991
17969,991
17970,991
17971,991
17972,991
17973,991
17974,991
17975,991
17976,991
17977,991
17978,991
17979,991
17980,991
17981,991
17982,991
17983,991
17984,991
17985,991
17986,991
17987,991
17988,991
17989,991
17990,991
17991,991
17992,991
17993,991
17994,991
17995,991
17996,991
17997,991
17998,991
17999,991
18000,991
18001,991
18002,991
18003,991
18004,991
18005,991
18006,991
18007,991
18008,991
18009,991
18010,991
18011,991
18012,991
18013,991
18014,991
18015,991
18016,991
18017,991
18018,991
18019,991
18020,991
18021,991
18022,991
18023,991
18024,991
18025,991
18026,991
18027,991
18028,991
18029,991
18030,991
18031,991
18032,991
18033,991
18034,991
18035,991
18036,991
18037,991
18038,991
18039,991
18040,824
18041,824
18042,824
18043,824
18044,824
18045,824
18046,824
18047,824
18048,824
18049,824
18050,824
18051,824
18052,824
18053,824
18054,824
18055,824
18056,824
18057,824
18058,824
18059,824
18060,824
18061,824
18062,824
18063,824
18064,824
18065,824
18066,824
18067,824
18068,824
18069,824
18070,824
18071,824
18072,824
18073,824
18074,824
18075,824
18076,824
18077,824
18078,824
18079,824
18080,824
18081,824
18082,824
18083,824
18084,824
18085,824
18086,824
18087,824
18088,824
18089,824
18090,824
18091,824
18092,824
18093,824
18094,824
18095,824
18096,824
18097,824
18098,824
18099,824
18100,824
18101,824
18102,824
18103,824
18104,824
18105,824
18106,824
18107,824
18108,824
18109,824
18110,824
18111,824
18112,824
18113,824
18114,824
18115,824
18116,824
18117,824
18118,824
18119,824
18120,824
18121,824
18122,824
18123,824
18124,824
18125,824
18126,824
18127,824
18128,824
18129,824
18130,824
18131,824
18132,824
18133,824
18134,824
18135,824
18136,824
18137,824
18138,824
18139,824
18140,824
18141,824
18142,824
18143,824
18144,824
18145,824
18146,824
18147,824
18148,824
18149,824
18150,824
18151,824
18152,824
18153,824
18154,824
18155,824
18156,824
18157,824
18158,824
18159,824
18160,824
18161,824
18162,824
18163,824
18164,824
18165,824
18166,824
18167,824
18168,824
18169,824
18170,824
18171,824
18172,824
18173,824
18174,824
18175,824
18176,824
18177,824
18178,824
18179,824
18180,824
18181,824
18182,824
18183,824
18184,824
18185,824
18186,824
18187,824
18188,824
18189,824
18190,824
18191,824
18192,824
18193,824
18194,824
18195,824
18196,824
18197,824
18198,824
18199,824
18200,824
18201,824
18202,824
18203,824
18204,824
18205,824
18206,824
18207,824
18208,824
18209,824
18210,824
18211,824
18212,824
18213,824
18214,824
18215,824
18216,824
18217,824
18218,824
18219,824
18220,824
18221,824
18222,824
18223,824
18224,824
18225,824
18226,824
18227,824
18228,824
18229,824
18230,824
18231,824
18232,824
18233,824
18234,824
18235,824
18236,824
18237,824
18238,824
18239,824
18240,824
18241,824
18242,824
18243,824
18244,824
18245,824
18246,824
18247,824
18248,824
18249,824
18250,824
18251,824
18252,824
18253,824
18254,824
18255,824
18256,824
18257,824
18258,824
18259,824
18260,824
18261,824
18262,824
18263,824
18264,824
18265,824
18266,824
18267,824
18268,824
18269,824
18270,824
18271,824
18272,824
18273,824
18274,824
18275,824
18276,824
18277,824
18278,824
18279,824
18280,824
18281,824
18282,824
18283,824
18284,824
18285,824
18286,824
18287,824
18288,824
18289,824
18290,824
18291,824
18292,824
18293,824
18294,824
18295,824
18296,824
18297,824
18298,824
18299,824
18300,824
18301,824
18302,824
18303,824
18304,824
18305,824
18306,824
18307,824
18308,824
18309,824
18310,824
18311,824
18312,824
18313,824
18314,824
18315,824
18316,824
18317,824
18318,824
18319,824
18320,824
18321,824
18322,824
18323,824
18324,824
18325,824
18326,824
18327,824
18328,824
18329,824
18330,824
18331,824
18332,824
18333,824
18334,824
18335,824
18336,824
18337,824
18338,824
18339,824
18340,824
18341,824
18342,824
18343,824
18344,824
18345,824
18346,824
18347,824
18348,824
18349,824
18350,824
18351,824
18352,824
18353,824
18354,824
18355,824
18356,824
18357,824
18358,824
18359,824
18360,824
18361,824
18362,824
18363,824
18364,824
18365,824
18366,824
18367,824
18368,824
18369,824
18370,824
18371,824
18372,824
18373,824
18374,824
18375,824
18376,824
18377,824
18378,824
18379,824
18380,824
18381,824
18382,824
18383,824
18384,824
18385,824
18386,824
18387,824
18388,824
18389,824
18390,824
18391,824
18392,824
18393,824
18394,824
18395,824
18396,824
18397,824
18398,824
18399,824
18400,824
18401,824
18402,824
18403,824
18404,824
18405,824
18406,824
18407,824
18408,824
18409,824
18410,824
18411,824
18412,824
18413,824
18414,824
18415,824
18416,824
18417,824
18418,824
18419,824
18420,824
18421,824
18422,824
18423,824
18424,824
18425,824
18426,824
18427,824
18428,824
18429,824
18430,824
18431,824
18432,824
18433,824
18434,824
18435,824
18436,824
18437,824
18438,824
18439,824
18440,824
18441,824
18442,824
18443,824
18444,824
18445,824
18446,824
18447,824
18448,824
18449,824
18450,824
18451,824
18452,824
18453,824
18454,824
18455,824
18456,824
18457,824
18458,824
18459,824
18460,824
18461,824
18462,824
18463,824
18464,824
18465,824
18466,824
18467,824
18468,824
18469,824
18470,824
18471,824
18472,824
18473,824
18474,824
18475,824
18476,824
18477,824
18478,824
18479,824
18480,824
18481,824
18482,824
18483,824
18484,824
18485,824
18486,824
18487,824
18488,824
18489,824
18490,824
18491,824
18492,824
18493,824
18494,824
18495,824
18496,824
18497,824
18498,824
18499,824
18500,824
18501,824
18502,824
18503,824
18504,824
18505,824
18506,824
18507,824
18508,824
18509,824
18510,824
18511,824
18512,824
18513,824
18514,824
18515,824
18516,824
18517,824
18518,824
18519,824
18520,824
18521,824
18522,824
18523,824
18524,824
18525,824
18526,824
18527,824
18528,824
18529,824
18530,824
18531,824
18532,824
18533,824
18534,824
18535,824
18536,824
18537,824
18538,824
18539,824
18540,824
18541,824
18542,824
18543,824
18544,824
18545,824
18546,824
18547,824
18548,824
18549,824
18550,824
18551,824
18552,824
18553,824
18554,824
18555,824
18556,824
18557,824
18558,824
18559,824
18560,824
18561,824
18562,824
18563,824
18564,824
18565,824
18566,824
18567,824
18568,824
18569,824
18570,824
18571,824
18572,824
18573,824
18574,824
18575,824
18576,824
18577,824
18578,824
18579,824
18580,824
18581,824
18582,824
18583,824
18584,824
18585,824
18586,824
18587,824
18588,824
18589,824
18590,824
18591,824
18592,824
18593,824
18594,824
18595,824
18596,824
18597,824
18598,824
18599,824
18600,824
18601,824
18602,824
18603,824
18604,824
18605,824
18606,824
18607,824
18608,824
18609,824
18610,824
18611,824
18612,824
18613,824
18614,824
18615,824
18616,824
18617,824
18618,824
18619,824
18620,824
18621,824
18622,824
18623,824
18624,824
18625,824
18626,824
18627,824
18628,824
18629,824
18630,824
18631,824
18632,824
18633,824
18634,824
18635,824
18636,824
18637,824
18638,824
18639,824
18640,824
18641,824
18642,824
18643,824
18644,824
18645,824
18646,824
18647,824
18648,824
18649,824
18650,824
18651,824
18652,824
18653,824
18654,824
18655,824
18656,824
18657,824
18658,824
18659,824
18660,824
18661,824
18662,824
18663,824
18664,824
18665,824
18666,824
18667,824
18668,824
18669,824
18670,824
18671,824
18672,824
18673,824
18674,824
18675,824
18676,824
18677,824
18678,824
18679,824
18680,824
18681,824
18682,824
18683,824
18684,824
18685,824
18686,824
18687,824
18688,824
18689,824
18690,824
18691,824
18692,824
18693,824
18694,824
18695,824
18696,824
18697,824
18698,824
18699,824
18700,824
18701,824
18702,824
18703,824
18704,824
18705,824
18706,824
18707,824
18708,824
18709,824
18710,824
18711,824
18712,824
18713,824
18714,824
18715,824
18716,824
18717,824
18718,824
18719,824
18720,824
18721,824
18722,824
18723,824
18724,824
18725,824
18726,824
18727,824
18728,824
18729,824
18730,824
18731,824
18732,824
18733,824
18734,824
18735,824
18736,824
18737,824
18738,824
18739,824
18740,824
18741,824
18742,824
18743,824
18744,824
18745,824
18746,824
18747,824
18748,824
18749,824
18750,824
18751,824
18752,824
18753,824
18754,824
18755,824
18756,824
18757,824
18758,824
18759,824
18760,824
18761,824
18762,824
18763,824
18764,824
18765,824
18766,824
18767,824
18768,824
18769,824
18770,824
18771,824
18772,824
18773,824
18774,824
18775,824
18776,824
18777,824
18778,824
18779,824
18780,824
18781,824
18782,824
18783,824
