Hour,c4.xlarge
10000,67.0
10001,67.0
10002,67.0
10003,67.0
10004,67.0
10005,67.0
10006,67.0
10007,67.0
10008,67.0
10009,67.0
10010,67.0
10011,67.0
10012,67.0
10013,67.0
10014,67.0
10015,67.0
10016,67.0
10017,67.0
10018,67.0
10019,67.0
10020,67.0
10021,67.0
10022,67.0
10023,67.0
10024,67.0
10025,67.0
10026,67.0
10027,67.0
10028,67.0
10029,67.0
10030,67.0
10031,67.0
10032,67.0
10033,67.0
10034,67.0
10035,67.0
10036,67.0
10037,67.0
10038,67.0
10039,67.0
10040,67.0
10041,67.0
10042,67.0
10043,67.0
10044,67.0
10045,67.0
10046,67.0
10047,45.0
10048,45.0
10049,45.0
10050,45.0
10051,45.0
10052,45.0
10053,45.0
10054,45.0
10055,45.0
10056,45.0
10057,45.0
10058,45.0
10059,45.0
10060,45.0
10061,45.0
10062,45.0
10063,45.0
10064,45.0
10065,45.0
10066,45.0
10067,45.0
10068,45.0
10069,45.0
10070,45.0
10071,45.0
10072,45.0
10073,45.0
10074,45.0
10075,45.0
10076,45.0
10077,45.0
10078,45.0
10079,45.0
10080,45.0
10081,45.0
10082,45.0
10083,45.0
10084,45.0
10085,45.0
10086,45.0
10087,45.0
10088,45.0
10089,45.0
10090,45.0
10091,45.0
10092,45.0
10093,45.0
10094,45.0
10095,45.0
10096,45.0
10097,45.0
10098,45.0
10099,45.0
10100,45.0
10101,45.0
10102,45.0
10103,45.0
10104,45.0
10105,45.0
10106,45.0
10107,45.0
10108,45.0
10109,45.0
10110,45.0
10111,45.0
10112,45.0
10113,45.0
10114,45.0
10115,45.0
10116,45.0
10117,45.0
10118,45.0
10119,45.0
10120,45.0
10121,45.0
10122,45.0
10123,45.0
10124,45.0
10125,45.0
10126,45.0
10127,45.0
10128,45.0
10129,45.0
10130,45.0
10131,44.0
10132,45.0
10133,45.0
10134,45.0
10135,45.0
10136,45.0
10137,45.0
10138,45.0
10139,45.0
10140,45.0
10141,45.0
10142,45.0
10143,45.0
10144,45.0
10145,45.0
10146,45.0
10147,45.0
10148,45.0
10149,45.0
10150,45.0
10151,45.0
10152,45.0
10153,45.0
10154,45.0
10155,45.0
10156,45.0
10157,45.0
10158,45.0
10159,45.0
10160,48.0
10161,45.0
10162,45.0
10163,45.0
10164,45.0
10165,45.0
10166,45.0
10167,45.0
10168,45.0
10169,45.0
10170,45.0
10171,45.0
10172,45.0
10173,45.0
10174,45.0
10175,45.0
10176,45.0
10177,45.0
10178,45.0
10179,45.0
10180,45.0
10181,45.0
10182,45.0
10183,45.0
10184,45.0
10185,45.0
10186,45.0
10187,45.0
10188,45.0
10189,45.0
10190,45.0
10191,45.0
10192,45.0
10193,45.0
10194,45.0
10195,45.0
10196,45.0
10197,44.0
10198,45.0
10199,45.0
10200,45.0
10201,45.0
10202,45.0
10203,44.0
10204,45.0
10205,45.0
10206,45.0
10207,45.0
10208,45.0
10209,45.0
10210,45.0
10211,45.0
10212,45.0
10213,45.0
10214,45.0
10215,45.0
10216,45.0
10217,45.0
10218,41.0
10219,40.0
10220,40.0
10221,39.0
10222,40.0
10223,40.0
10224,40.0
10225,39.0
10226,40.0
10227,40.0
10228,40.0
10229,40.0
10230,40.0
10231,40.0
10232,40.0
10233,40.0
10234,40.0
10235,40.0
10236,40.0
10237,40.0
10238,40.0
10239,40.0
10240,50.0
10241,45.0
10242,43.0
10243,41.0
10244,40.0
10245,40.0
10246,40.0
10247,40.0
10248,40.0
10249,40.0
10250,39.0
10251,40.0
10252,39.0
10253,40.0
10254,40.0
10255,40.0
10256,39.0
10257,39.0
10258,40.0
10259,40.0
10260,40.0
10261,43.0
10262,44.0
10263,45.0
10264,45.0
10265,45.0
10266,45.0
10267,45.0
10268,45.0
10269,45.0
10270,45.0
10271,45.0
10272,45.0
10273,45.0
10274,45.0
10275,45.0
10276,45.0
10277,45.0
10278,45.0
10279,45.0
10280,45.0
10281,45.0
10282,45.0
10283,45.0
10284,45.0
10285,45.0
10286,45.0
10287,45.0
10288,45.0
10289,45.0
10290,45.0
10291,45.0
10292,45.0
10293,45.0
10294,45.0
10295,45.0
10296,45.0
10297,45.0
10298,45.0
10299,45.0
10300,45.0
10301,45.0
10302,45.0
10303,45.0
10304,45.0
10305,45.0
10306,45.0
10307,45.0
10308,56.0
10309,54.0
10310,54.0
10311,54.0
10312,54.0
10313,54.0
10314,54.0
10315,53.0
10316,54.0
10317,53.0
10318,54.0
10319,54.0
10320,54.0
10321,54.0
10322,54.0
10323,53.0
10324,54.0
10325,53.0
10326,53.0
10327,54.0
10328,54.0
10329,54.0
10330,92.0
10331,94.0
10332,94.0
10333,98.0
10334,106.0
10335,87.0
10336,77.0
10337,64.0
10338,59.0
10339,59.0
10340,59.0
10341,59.0
10342,59.0
10343,59.0
10344,59.0
10345,59.0
10346,58.0
10347,59.0
10348,59.0
10349,59.0
10350,60.0
10351,62.0
10352,61.0
10353,61.0
10354,66.0
10355,61.0
10356,64.0
10357,62.0
10358,64.0
10359,61.0
10360,68.0
10361,61.0
10362,61.0
10363,61.0
10364,61.0
10365,61.0
10366,60.0
10367,61.0
10368,60.0
10369,61.0
10370,60.0
10371,61.0
10372,61.0
10373,61.0
10374,61.0
10375,61.0
10376,61.0
10377,64.0
10378,66.0
10379,64.0
10380,123.0
10381,123.0
10382,123.0
10383,123.0
10384,127.0
10385,123.0
10386,123.0
10387,96.0
10388,96.0
10389,96.0
10390,96.0
10391,96.0
10392,96.0
10393,96.0
10394,96.0
10395,96.0
10396,96.0
10397,96.0
10398,96.0
10399,96.0
10400,96.0
10401,96.0
10402,96.0
10403,96.0
10404,96.0
10405,96.0
10406,96.0
10407,96.0
10408,96.0
10409,96.0
10410,96.0
10411,96.0
10412,96.0
10413,96.0
10414,96.0
10415,96.0
10416,96.0
10417,96.0
10418,96.0
10419,96.0
10420,96.0
10421,96.0
10422,96.0
10423,96.0
10424,96.0
10425,96.0
10426,96.0
10427,96.0
10428,96.0
10429,96.0
10430,96.0
10431,96.0
10432,96.0
10433,96.0
10434,96.0
10435,96.0
10436,96.0
10437,96.0
10438,96.0
10439,96.0
10440,96.0
10441,96.0
10442,96.0
10443,96.0
10444,96.0
10445,96.0
10446,96.0
10447,96.0
10448,96.0
10449,96.0
10450,96.0
10451,96.0
10452,96.0
10453,96.0
10454,96.0
10455,96.0
10456,96.0
10457,96.0
10458,96.0
10459,96.0
10460,96.0
10461,96.0
10462,96.0
10463,96.0
10464,96.0
10465,96.0
10466,96.0
10467,96.0
10468,96.0
10469,96.0
10470,96.0
10471,96.0
10472,96.0
10473,96.0
10474,96.0
10475,96.0
10476,96.0
10477,96.0
10478,96.0
10479,96.0
10480,96.0
10481,104.0
10482,104.0
10483,104.0
10484,104.0
10485,104.0
10486,104.0
10487,104.0
10488,104.0
10489,104.0
10490,104.0
10491,104.0
10492,104.0
10493,104.0
10494,104.0
10495,104.0
10496,104.0
10497,104.0
10498,104.0
10499,104.0
10500,104.0
10501,104.0
10502,104.0
10503,104.0
10504,104.0
10505,104.0
10506,104.0
10507,104.0
10508,104.0
10509,104.0
10510,104.0
10511,104.0
10512,104.0
10513,104.0
10514,104.0
10515,104.0
10516,104.0
10517,104.0
10518,104.0
10519,104.0
10520,104.0
10521,104.0
10522,104.0
10523,104.0
10524,104.0
10525,104.0
10526,104.0
10527,104.0
10528,104.0
10529,104.0
10530,104.0
10531,104.0
10532,104.0
10533,104.0
10534,104.0
10535,104.0
10536,104.0
10537,104.0
10538,104.0
10539,104.0
10540,104.0
10541,104.0
10542,104.0
10543,104.0
10544,96.0
10545,75.0
10546,75.0
10547,75.0
10548,75.0
10549,75.0
10550,75.0
10551,75.0
10552,75.0
10553,75.0
10554,75.0
10555,75.0
10556,75.0
10557,75.0
10558,75.0
10559,75.0
10560,75.0
10561,75.0
10562,75.0
10563,75.0
10564,75.0
10565,75.0
10566,75.0
10567,75.0
10568,75.0
10569,75.0
10570,75.0
10571,75.0
10572,75.0
10573,75.0
10574,75.0
10575,75.0
10576,75.0
10577,75.0
10578,75.0
10579,75.0
10580,75.0
10581,75.0
10582,75.0
10583,75.0
10584,75.0
10585,75.0
10586,75.0
10587,75.0
10588,75.0
10589,75.0
10590,75.0
10591,75.0
10592,75.0
10593,75.0
10594,75.0
10595,75.0
10596,75.0
10597,75.0
10598,75.0
10599,71.0
10600,62.0
10601,57.0
10602,57.0
10603,66.0
10604,67.0
10605,67.0
10606,67.0
10607,67.0
10608,67.0
10609,67.0
10610,67.0
10611,67.0
10612,67.0
10613,67.0
10614,67.0
10615,67.0
10616,67.0
10617,67.0
10618,67.0
10619,73.0
10620,116.0
10621,73.0
10622,67.0
10623,67.0
10624,67.0
10625,67.0
10626,67.0
10627,67.0
10628,67.0
10629,67.0
10630,67.0
10631,67.0
10632,67.0
10633,67.0
10634,67.0
10635,67.0
10636,67.0
10637,67.0
10638,67.0
10639,67.0
10640,67.0
10641,67.0
10642,67.0
10643,67.0
10644,67.0
10645,67.0
10646,69.0
10647,69.0
10648,69.0
10649,69.0
10650,69.0
10651,69.0
10652,69.0
10653,69.0
10654,69.0
10655,69.0
10656,69.0
10657,69.0
10658,69.0
10659,69.0
10660,69.0
10661,69.0
10662,69.0
10663,69.0
10664,69.0
10665,69.0
10666,69.0
10667,69.0
10668,69.0
10669,69.0
10670,72.0
10671,71.0
10672,69.0
10673,69.0
10674,69.0
10675,69.0
10676,69.0
10677,69.0
10678,69.0
10679,69.0
10680,69.0
10681,69.0
10682,69.0
10683,69.0
10684,69.0
10685,69.0
10686,69.0
10687,72.0
10688,69.0
10689,67.0
10690,67.0
10691,72.0
10692,69.0
10693,69.0
10694,69.0
10695,69.0
10696,69.0
10697,72.0
10698,69.0
10699,69.0
10700,69.0
10701,69.0
10702,69.0
10703,69.0
10704,67.0
10705,69.0
10706,69.0
10707,69.0
10708,69.0
10709,69.0
10710,69.0
10711,69.0
10712,67.0
10713,69.0
10714,69.0
10715,69.0
10716,69.0
10717,69.0
10718,69.0
10719,69.0
10720,69.0
10721,69.0
10722,69.0
10723,69.0
10724,69.0
10725,69.0
10726,69.0
10727,69.0
10728,69.0
10729,69.0
10730,69.0
10731,69.0
10732,69.0
10733,69.0
10734,69.0
10735,69.0
10736,69.0
10737,69.0
10738,69.0
10739,69.0
10740,69.0
10741,69.0
10742,69.0
10743,69.0
10744,72.0
10745,69.0
10746,69.0
10747,69.0
10748,69.0
10749,69.0
10750,69.0
10751,69.0
10752,69.0
10753,69.0
10754,69.0
10755,69.0
10756,69.0
10757,69.0
10758,69.0
10759,69.0
10760,69.0
10761,69.0
10762,69.0
10763,70.0
10764,69.0
10765,69.0
10766,69.0
10767,69.0
10768,66.0
10769,69.0
10770,69.0
10771,69.0
10772,69.0
10773,69.0
10774,69.0
10775,69.0
10776,69.0
10777,69.0
10778,69.0
10779,69.0
10780,69.0
10781,69.0
10782,69.0
10783,69.0
10784,69.0
10785,69.0
10786,69.0
10787,69.0
10788,69.0
10789,69.0
10790,69.0
10791,69.0
10792,69.0
10793,69.0
10794,69.0
10795,69.0
10796,69.0
10797,69.0
10798,69.0
10799,69.0
10800,69.0
10801,69.0
10802,69.0
10803,69.0
10804,69.0
10805,69.0
10806,69.0
10807,69.0
10808,69.0
10809,69.0
10810,72.0
10811,72.0
10812,72.0
10813,72.0
10814,72.0
10815,72.0
10816,72.0
10817,72.0
10818,72.0
10819,72.0
10820,72.0
10821,72.0
10822,72.0
10823,72.0
10824,72.0
10825,72.0
10826,72.0
10827,72.0
10828,72.0
10829,72.0
10830,72.0
10831,72.0
10832,72.0
10833,72.0
10834,72.0
10835,72.0
10836,72.0
10837,72.0
10838,72.0
10839,72.0
10840,72.0
10841,72.0
10842,72.0
10843,72.0
10844,72.0
10845,72.0
10846,72.0
10847,72.0
10848,72.0
10849,72.0
10850,72.0
10851,72.0
10852,72.0
10853,72.0
10854,72.0
10855,72.0
10856,72.0
10857,72.0
10858,72.0
10859,130.0
10860,130.0
10861,117.0
10862,69.0
10863,69.0
10864,69.0
10865,69.0
10866,69.0
10867,69.0
10868,69.0
10869,69.0
10870,69.0
10871,69.0
10872,69.0
10873,69.0
10874,69.0
10875,69.0
10876,69.0
10877,69.0
10878,69.0
10879,69.0
10880,69.0
10881,69.0
10882,69.0
10883,69.0
10884,69.0
10885,69.0
10886,69.0
10887,69.0
10888,69.0
10889,69.0
10890,69.0
10891,69.0
10892,69.0
10893,69.0
10894,69.0
10895,69.0
10896,69.0
10897,69.0
10898,69.0
10899,69.0
10900,69.0
10901,69.0
10902,69.0
10903,69.0
10904,69.0
10905,72.0
10906,69.0
10907,69.0
10908,69.0
10909,69.0
10910,69.0
10911,69.0
10912,69.0
10913,69.0
10914,69.0
10915,69.0
10916,69.0
10917,69.0
10918,69.0
10919,69.0
10920,69.0
10921,69.0
10922,69.0
10923,69.0
10924,69.0
10925,69.0
10926,69.0
10927,69.0
10928,69.0
10929,69.0
10930,69.0
10931,69.0
10932,69.0
10933,69.0
10934,69.0
10935,69.0
10936,69.0
10937,69.0
10938,69.0
10939,69.0
10940,69.0
10941,69.0
10942,69.0
10943,69.0
10944,69.0
10945,69.0
10946,69.0
10947,69.0
10948,69.0
10949,69.0
10950,69.0
10951,69.0
10952,69.0
10953,69.0
10954,69.0
10955,69.0
10956,69.0
10957,69.0
10958,69.0
10959,69.0
10960,69.0
10961,69.0
10962,69.0
10963,69.0
10964,69.0
10965,69.0
10966,69.0
10967,69.0
10968,69.0
10969,69.0
10970,69.0
10971,69.0
10972,69.0
10973,69.0
10974,69.0
10975,69.0
10976,69.0
10977,69.0
10978,69.0
10979,69.0
10980,69.0
10981,69.0
10982,69.0
10983,69.0
10984,69.0
10985,69.0
10986,69.0
10987,69.0
10988,69.0
10989,69.0
10990,69.0
10991,69.0
10992,69.0
10993,69.0
10994,69.0
10995,69.0
10996,69.0
10997,69.0
10998,69.0
10999,69.0
11000,69.0
11001,69.0
11002,69.0
11003,69.0
11004,69.0
11005,69.0
11006,69.0
11007,69.0
11008,69.0
11009,69.0
11010,69.0
11011,69.0
11012,69.0
11013,69.0
11014,69.0
11015,69.0
11016,69.0
11017,69.0
11018,69.0
11019,67.0
11020,69.0
11021,69.0
11022,69.0
11023,69.0
11024,69.0
11025,69.0
11026,69.0
11027,69.0
11028,69.0
11029,69.0
11030,69.0
11031,69.0
11032,69.0
11033,69.0
11034,69.0
11035,69.0
11036,69.0
11037,69.0
11038,69.0
11039,69.0
11040,69.0
11041,69.0
11042,69.0
11043,69.0
11044,69.0
11045,69.0
11046,69.0
11047,69.0
11048,69.0
11049,69.0
11050,69.0
11051,69.0
11052,69.0
11053,69.0
11054,69.0
11055,69.0
11056,69.0
11057,69.0
11058,69.0
11059,69.0
11060,69.0
11061,69.0
11062,69.0
11063,69.0
11064,69.0
11065,69.0
11066,69.0
11067,69.0
11068,69.0
11069,69.0
11070,69.0
11071,69.0
11072,69.0
11073,69.0
11074,69.0
11075,69.0
11076,69.0
11077,72.0
11078,67.0
11079,69.0
11080,69.0
11081,69.0
11082,69.0
11083,67.0
11084,69.0
11085,69.0
11086,69.0
11087,69.0
11088,69.0
11089,69.0
11090,69.0
11091,69.0
11092,69.0
11093,69.0
11094,69.0
11095,69.0
11096,69.0
11097,69.0
11098,69.0
11099,69.0
11100,69.0
11101,69.0
11102,69.0
11103,69.0
11104,69.0
11105,69.0
11106,69.0
11107,69.0
11108,69.0
11109,69.0
11110,69.0
11111,69.0
11112,69.0
11113,69.0
11114,69.0
11115,69.0
11116,69.0
11117,69.0
11118,67.0
11119,69.0
11120,69.0
11121,69.0
11122,69.0
11123,69.0
11124,69.0
11125,69.0
11126,69.0
11127,69.0
11128,69.0
11129,69.0
11130,69.0
11131,69.0
11132,67.0
11133,69.0
11134,67.0
11135,69.0
11136,69.0
11137,69.0
11138,69.0
11139,69.0
11140,69.0
11141,69.0
11142,69.0
11143,69.0
11144,69.0
11145,69.0
11146,69.0
11147,69.0
11148,69.0
11149,69.0
11150,69.0
11151,69.0
11152,69.0
11153,69.0
11154,69.0
11155,69.0
11156,69.0
11157,69.0
11158,69.0
11159,69.0
11160,69.0
11161,69.0
11162,69.0
11163,69.0
11164,69.0
11165,69.0
11166,67.0
11167,69.0
11168,69.0
11169,69.0
11170,69.0
11171,69.0
11172,69.0
11173,69.0
11174,69.0
11175,69.0
11176,69.0
11177,69.0
11178,69.0
11179,69.0
11180,69.0
11181,69.0
11182,69.0
11183,69.0
11184,69.0
11185,69.0
11186,69.0
11187,69.0
11188,69.0
11189,69.0
11190,69.0
11191,69.0
11192,69.0
11193,67.0
11194,72.0
11195,126.0
11196,126.0
11197,126.0
11198,126.0
11199,126.0
11200,126.0
11201,126.0
11202,126.0
11203,126.0
11204,126.0
11205,126.0
11206,126.0
11207,126.0
11208,126.0
11209,126.0
11210,126.0
11211,126.0
11212,126.0
11213,126.0
11214,126.0
11215,126.0
11216,126.0
11217,126.0
11218,126.0
11219,126.0
11220,126.0
11221,126.0
11222,126.0
11223,126.0
11224,126.0
11225,126.0
11226,126.0
11227,126.0
11228,126.0
11229,130.0
11230,126.0
11231,126.0
11232,126.0
11233,115.0
11234,101.0
11235,86.0
11236,72.0
11237,72.0
11238,72.0
11239,72.0
11240,72.0
11241,72.0
11242,72.0
11243,72.0
11244,72.0
11245,72.0
11246,72.0
11247,72.0
11248,72.0
11249,72.0
11250,72.0
11251,72.0
11252,72.0
11253,72.0
11254,72.0
11255,72.0
11256,72.0
11257,72.0
11258,72.0
11259,72.0
11260,71.0
11261,72.0
11262,72.0
11263,72.0
11264,72.0
11265,72.0
11266,72.0
11267,72.0
11268,72.0
11269,72.0
11270,72.0
11271,72.0
11272,72.0
11273,72.0
11274,72.0
11275,72.0
11276,72.0
11277,72.0
11278,72.0
11279,72.0
11280,72.0
11281,72.0
11282,72.0
11283,72.0
11284,72.0
11285,72.0
11286,72.0
11287,72.0
11288,72.0
11289,72.0
11290,72.0
11291,72.0
11292,72.0
11293,72.0
11294,72.0
11295,72.0
11296,72.0
11297,72.0
11298,72.0
11299,72.0
11300,72.0
11301,72.0
11302,72.0
11303,72.0
11304,72.0
11305,72.0
11306,72.0
11307,72.0
11308,72.0
11309,72.0
11310,72.0
11311,72.0
11312,72.0
11313,72.0
11314,72.0
11315,72.0
11316,72.0
11317,72.0
11318,72.0
11319,72.0
11320,72.0
11321,72.0
11322,72.0
11323,72.0
11324,72.0
11325,72.0
11326,72.0
11327,72.0
11328,72.0
11329,72.0
11330,72.0
11331,72.0
11332,72.0
11333,72.0
11334,72.0
11335,72.0
11336,72.0
11337,72.0
11338,72.0
11339,72.0
11340,72.0
11341,72.0
11342,72.0
11343,72.0
11344,72.0
11345,72.0
11346,72.0
11347,72.0
11348,72.0
11349,72.0
11350,72.0
11351,72.0
11352,72.0
11353,72.0
11354,72.0
11355,72.0
11356,72.0
11357,72.0
11358,72.0
11359,72.0
11360,72.0
11361,72.0
11362,72.0
11363,72.0
11364,72.0
11365,72.0
11366,71.0
11367,71.0
11368,71.0
11369,71.0
11370,71.0
11371,71.0
11372,71.0
11373,71.0
11374,71.0
11375,71.0
11376,71.0
11377,71.0
11378,71.0
11379,71.0
11380,71.0
11381,71.0
11382,71.0
11383,71.0
11384,71.0
11385,71.0
11386,71.0
11387,71.0
11388,71.0
11389,71.0
11390,71.0
11391,71.0
11392,71.0
11393,71.0
11394,71.0
11395,71.0
11396,71.0
11397,71.0
11398,71.0
11399,71.0
11400,71.0
11401,71.0
11402,71.0
11403,71.0
11404,71.0
11405,71.0
11406,71.0
11407,71.0
11408,71.0
11409,71.0
11410,71.0
11411,71.0
11412,71.0
11413,71.0
11414,75.0
11415,71.0
11416,71.0
11417,71.0
11418,71.0
11419,71.0
11420,71.0
11421,71.0
11422,71.0
11423,71.0
11424,71.0
11425,71.0
11426,71.0
11427,71.0
11428,71.0
11429,71.0
11430,71.0
11431,75.0
11432,75.0
11433,71.0
11434,71.0
11435,71.0
11436,75.0
11437,71.0
11438,71.0
11439,71.0
11440,75.0
11441,71.0
11442,71.0
11443,71.0
11444,71.0
11445,71.0
11446,71.0
11447,71.0
11448,71.0
11449,71.0
11450,71.0
11451,71.0
11452,71.0
11453,71.0
11454,71.0
11455,71.0
11456,71.0
11457,71.0
11458,71.0
11459,71.0
11460,71.0
11461,75.0
11462,71.0
11463,71.0
11464,71.0
11465,71.0
11466,71.0
11467,71.0
11468,71.0
11469,71.0
11470,71.0
11471,71.0
11472,71.0
11473,71.0
11474,71.0
11475,71.0
11476,71.0
11477,71.0
11478,71.0
11479,83.0
11480,83.0
11481,83.0
11482,83.0
11483,83.0
11484,83.0
11485,83.0
11486,83.0
11487,83.0
11488,83.0
11489,83.0
11490,79.0
11491,79.0
11492,79.0
11493,137.0
11494,137.0
11495,137.0
11496,137.0
11497,137.0
11498,137.0
11499,137.0
11500,137.0
11501,137.0
11502,137.0
11503,141.0
11504,137.0
11505,137.0
11506,137.0
11507,137.0
11508,137.0
11509,137.0
11510,137.0
11511,137.0
11512,137.0
11513,137.0
11514,137.0
11515,137.0
11516,137.0
11517,137.0
11518,137.0
11519,137.0
11520,137.0
11521,137.0
11522,137.0
11523,137.0
11524,137.0
11525,137.0
11526,137.0
11527,137.0
11528,137.0
11529,131.0
11530,67.0
11531,73.0
11532,71.0
11533,71.0
11534,71.0
11535,71.0
11536,71.0
11537,71.0
11538,71.0
11539,71.0
11540,71.0
11541,71.0
11542,71.0
11543,71.0
11544,71.0
11545,71.0
11546,71.0
11547,71.0
11548,75.0
11549,79.0
11550,87.0
11551,87.0
11552,87.0
11553,87.0
11554,87.0
11555,87.0
11556,75.0
11557,69.0
11558,67.0
11559,67.0
11560,67.0
11561,67.0
11562,67.0
11563,67.0
11564,67.0
11565,67.0
11566,67.0
11567,67.0
11568,67.0
11569,67.0
11570,67.0
11571,67.0
11572,67.0
11573,67.0
11574,67.0
11575,71.0
11576,87.0
11577,87.0
11578,87.0
11579,87.0
11580,87.0
11581,87.0
11582,87.0
11583,87.0
11584,87.0
11585,87.0
11586,87.0
11587,87.0
11588,87.0
11589,87.0
11590,87.0
11591,87.0
11592,87.0
11593,87.0
11594,87.0
11595,87.0
11596,87.0
11597,87.0
11598,87.0
11599,87.0
11600,87.0
11601,87.0
11602,87.0
11603,87.0
11604,87.0
11605,87.0
11606,87.0
11607,87.0
11608,87.0
11609,87.0
11610,87.0
11611,87.0
11612,87.0
11613,87.0
11614,87.0
11615,87.0
11616,87.0
11617,87.0
11618,87.0
11619,87.0
11620,87.0
11621,87.0
11622,87.0
11623,87.0
11624,87.0
11625,87.0
11626,87.0
11627,87.0
11628,87.0
11629,87.0
11630,87.0
11631,87.0
11632,87.0
11633,87.0
11634,87.0
11635,87.0
11636,87.0
11637,87.0
11638,87.0
11639,87.0
11640,87.0
11641,87.0
11642,87.0
11643,87.0
11644,87.0
11645,87.0
11646,87.0
11647,87.0
11648,87.0
11649,87.0
11650,87.0
11651,87.0
11652,87.0
11653,87.0
11654,87.0
11655,87.0
11656,87.0
11657,87.0
11658,87.0
11659,87.0
11660,87.0
11661,87.0
11662,87.0
11663,87.0
11664,87.0
11665,87.0
11666,87.0
11667,87.0
11668,87.0
11669,87.0
11670,87.0
11671,87.0
11672,87.0
11673,87.0
11674,168.0
11675,171.0
11676,168.0
11677,168.0
11678,168.0
11679,168.0
11680,168.0
11681,160.0
11682,67.0
11683,67.0
11684,67.0
11685,67.0
11686,67.0
11687,67.0
11688,67.0
11689,67.0
11690,67.0
11691,67.0
11692,67.0
11693,67.0
11694,67.0
11695,67.0
11696,67.0
11697,67.0
11698,67.0
11699,67.0
11700,67.0
11701,77.0
11702,77.0
11703,77.0
11704,77.0
11705,77.0
11706,77.0
11707,77.0
11708,77.0
11709,77.0
11710,77.0
11711,77.0
11712,77.0
11713,77.0
11714,77.0
11715,77.0
11716,77.0
11717,77.0
11718,77.0
11719,77.0
11720,77.0
11721,154.0
11722,154.0
11723,154.0
11724,154.0
11725,139.0
11726,135.0
11727,135.0
11728,135.0
11729,139.0
11730,100.0
11731,100.0
11732,100.0
11733,100.0
11734,100.0
11735,100.0
11736,100.0
11737,100.0
11738,100.0
11739,100.0
11740,100.0
11741,100.0
11742,100.0
11743,100.0
11744,100.0
11745,100.0
11746,104.0
11747,104.0
11748,104.0
11749,108.0
11750,108.0
11751,89.0
11752,89.0
11753,89.0
11754,89.0
11755,89.0
11756,89.0
11757,89.0
11758,89.0
11759,89.0
11760,89.0
11761,89.0
11762,89.0
11763,89.0
11764,89.0
11765,89.0
11766,89.0
11767,89.0
11768,92.0
11769,92.0
11770,92.0
11771,92.0
11772,92.0
11773,92.0
11774,92.0
11775,92.0
11776,92.0
11777,92.0
11778,92.0
11779,92.0
11780,92.0
11781,92.0
11782,92.0
11783,92.0
11784,92.0
11785,92.0
11786,92.0
11787,92.0
11788,92.0
11789,92.0
11790,92.0
11791,92.0
11792,92.0
11793,92.0
11794,92.0
11795,92.0
11796,92.0
11797,92.0
11798,92.0
11799,92.0
11800,92.0
11801,92.0
11802,92.0
11803,92.0
11804,92.0
11805,92.0
11806,92.0
11807,92.0
11808,92.0
11809,92.0
11810,92.0
11811,92.0
11812,92.0
11813,92.0
11814,92.0
11815,92.0
11816,92.0
11817,92.0
11818,92.0
11819,92.0
11820,92.0
11821,92.0
11822,104.0
11823,104.0
11824,104.0
11825,104.0
11826,104.0
11827,104.0
11828,104.0
11829,104.0
11830,104.0
11831,104.0
11832,104.0
11833,104.0
11834,104.0
11835,104.0
11836,104.0
11837,104.0
11838,104.0
11839,104.0
11840,104.0
11841,104.0
11842,104.0
11843,104.0
11844,104.0
11845,96.0
11846,83.0
11847,77.0
11848,77.0
11849,77.0
11850,77.0
11851,77.0
11852,77.0
11853,77.0
11854,77.0
11855,77.0
11856,77.0
11857,77.0
11858,77.0
11859,77.0
11860,77.0
11861,77.0
11862,77.0
11863,150.0
11864,150.0
11865,150.0
11866,156.0
11867,150.0
11868,150.0
11869,144.0
11870,134.0
11871,134.0
11872,134.0
11873,134.0
11874,133.0
11875,134.0
11876,134.0
11877,134.0
11878,134.0
11879,134.0
11880,134.0
11881,134.0
11882,133.0
11883,133.0
11884,134.0
11885,134.0
11886,141.0
11887,141.0
11888,139.0
11889,139.0
11890,137.0
11891,134.0
11892,134.0
11893,134.0
11894,134.0
11895,133.0
11896,99.0
11897,82.0
11898,77.0
11899,77.0
11900,77.0
11901,77.0
11902,77.0
11903,77.0
11904,77.0
11905,77.0
11906,77.0
11907,77.0
11908,77.0
11909,77.0
11910,77.0
11911,77.0
11912,77.0
11913,77.0
11914,77.0
11915,77.0
11916,77.0
11917,77.0
11918,77.0
11919,77.0
11920,77.0
11921,77.0
11922,77.0
11923,77.0
11924,77.0
11925,77.0
11926,77.0
11927,77.0
11928,77.0
11929,77.0
11930,77.0
11931,77.0
11932,77.0
11933,77.0
11934,77.0
11935,77.0
11936,77.0
11937,77.0
11938,81.0
11939,79.0
11940,77.0
11941,77.0
11942,77.0
11943,77.0
11944,77.0
11945,77.0
11946,77.0
11947,77.0
11948,77.0
11949,77.0
11950,77.0
11951,77.0
11952,77.0
11953,77.0
11954,77.0
11955,77.0
11956,77.0
11957,77.0
11958,77.0
11959,77.0
11960,77.0
11961,77.0
11962,77.0
11963,77.0
11964,77.0
11965,77.0
11966,77.0
11967,77.0
11968,77.0
11969,77.0
11970,77.0
11971,77.0
11972,77.0
11973,77.0
11974,77.0
11975,77.0
11976,77.0
11977,77.0
11978,77.0
11979,77.0
11980,77.0
11981,77.0
11982,77.0
11983,77.0
11984,77.0
11985,77.0
11986,77.0
11987,77.0
11988,77.0
11989,77.0
11990,77.0
11991,87.0
11992,87.0
11993,87.0
11994,87.0
11995,87.0
11996,87.0
11997,87.0
11998,87.0
11999,87.0
12000,87.0
12001,87.0
12002,87.0
12003,87.0
12004,87.0
12005,87.0
12006,87.0
12007,79.0
12008,77.0
12009,77.0
12010,77.0
12011,77.0
12012,77.0
12013,79.0
12014,77.0
12015,77.0
12016,77.0
12017,77.0
12018,77.0
12019,77.0
12020,77.0
12021,77.0
12022,77.0
12023,77.0
12024,77.0
12025,77.0
12026,77.0
12027,77.0
12028,77.0
12029,77.0
12030,77.0
12031,77.0
12032,77.0
12033,77.0
12034,77.0
12035,77.0
12036,75.0
12037,71.0
12038,71.0
12039,71.0
12040,71.0
12041,71.0
12042,71.0
12043,71.0
12044,71.0
12045,71.0
12046,71.0
12047,71.0
12048,71.0
12049,71.0
12050,71.0
12051,71.0
12052,71.0
12053,71.0
12054,71.0
12055,71.0
12056,71.0
12057,71.0
12058,71.0
12059,71.0
12060,75.0
12061,73.0
12062,71.0
12063,71.0
12064,71.0
12065,71.0
12066,71.0
12067,71.0
12068,71.0
12069,71.0
12070,71.0
12071,71.0
12072,71.0
12073,71.0
12074,71.0
12075,71.0
12076,71.0
12077,71.0
12078,71.0
12079,71.0
12080,75.0
12081,139.0
12082,141.0
12083,144.0
12084,144.0
12085,79.0
12086,75.0
12087,75.0
12088,75.0
12089,75.0
12090,75.0
12091,75.0
12092,75.0
12093,75.0
12094,75.0
12095,75.0
12096,75.0
12097,75.0
12098,75.0
12099,75.0
12100,75.0
12101,75.0
12102,75.0
12103,75.0
12104,79.0
12105,83.0
12106,83.0
12107,83.0
12108,83.0
12109,83.0
12110,85.0
12111,83.0
12112,83.0
12113,83.0
12114,83.0
12115,83.0
12116,83.0
12117,83.0
12118,83.0
12119,83.0
12120,83.0
12121,83.0
12122,83.0
12123,83.0
12124,83.0
12125,83.0
12126,83.0
12127,83.0
12128,83.0
12129,83.0
12130,83.0
12131,83.0
12132,87.0
12133,87.0
12134,77.0
12135,77.0
12136,77.0
12137,77.0
12138,71.0
12139,71.0
12140,71.0
12141,71.0
12142,71.0
12143,71.0
12144,71.0
12145,71.0
12146,71.0
12147,71.0
12148,71.0
12149,71.0
12150,71.0
12151,75.0
12152,75.0
12153,75.0
12154,75.0
12155,144.0
12156,144.0
12157,141.0
12158,123.0
12159,106.0
12160,79.0
12161,77.0
12162,77.0
12163,77.0
12164,77.0
12165,77.0
12166,77.0
12167,77.0
12168,77.0
12169,77.0
12170,77.0
12171,77.0
12172,77.0
12173,77.0
12174,77.0
12175,77.0
12176,77.0
12177,77.0
12178,77.0
12179,77.0
12180,77.0
12181,77.0
12182,77.0
12183,77.0
12184,77.0
12185,77.0
12186,77.0
12187,77.0
12188,77.0
12189,77.0
12190,77.0
12191,77.0
12192,77.0
12193,77.0
12194,77.0
12195,77.0
12196,77.0
12197,77.0
12198,77.0
12199,81.0
12200,81.0
12201,81.0
12202,81.0
12203,81.0
12204,85.0
12205,85.0
12206,85.0
12207,85.0
12208,85.0
12209,85.0
12210,83.0
12211,79.0
12212,77.0
12213,77.0
12214,77.0
12215,77.0
12216,77.0
12217,77.0
12218,77.0
12219,77.0
12220,77.0
12221,77.0
12222,77.0
12223,77.0
12224,77.0
12225,77.0
12226,77.0
12227,77.0
12228,77.0
12229,77.0
12230,77.0
12231,77.0
12232,77.0
12233,77.0
12234,77.0
12235,77.0
12236,77.0
12237,77.0
12238,77.0
12239,77.0
12240,77.0
12241,77.0
12242,77.0
12243,77.0
12244,77.0
12245,77.0
12246,77.0
12247,144.0
12248,144.0
12249,142.0
12250,108.0
12251,87.0
12252,87.0
12253,87.0
12254,87.0
12255,87.0
12256,91.0
12257,91.0
12258,89.0
12259,77.0
12260,73.0
12261,71.0
12262,71.0
12263,71.0
12264,71.0
12265,71.0
12266,71.0
12267,71.0
12268,71.0
12269,71.0
12270,71.0
12271,71.0
12272,71.0
12273,71.0
12274,71.0
12275,71.0
12276,71.0
12277,71.0
12278,71.0
12279,71.0
12280,87.0
12281,87.0
12282,87.0
12283,87.0
12284,87.0
12285,87.0
12286,87.0
12287,87.0
12288,87.0
12289,87.0
12290,87.0
12291,87.0
12292,87.0
12293,87.0
12294,87.0
12295,87.0
12296,85.0
12297,71.0
12298,71.0
12299,71.0
12300,71.0
12301,75.0
12302,71.0
12303,71.0
12304,71.0
12305,71.0
12306,71.0
12307,71.0
12308,71.0
12309,71.0
12310,71.0
12311,71.0
12312,71.0
12313,71.0
12314,71.0
12315,71.0
12316,71.0
12317,71.0
12318,71.0
12319,71.0
12320,71.0
12321,71.0
12322,71.0
12323,71.0
12324,71.0
12325,71.0
12326,71.0
12327,71.0
12328,71.0
12329,71.0
12330,71.0
12331,71.0
12332,71.0
12333,71.0
12334,71.0
12335,71.0
12336,71.0
12337,71.0
12338,71.0
12339,71.0
12340,71.0
12341,71.0
12342,71.0
12343,71.0
12344,71.0
12345,71.0
12346,71.0
12347,71.0
12348,71.0
12349,73.0
12350,73.0
12351,73.0
12352,73.0
12353,73.0
12354,73.0
12355,73.0
12356,73.0
12357,73.0
12358,73.0
12359,73.0
12360,73.0
12361,73.0
12362,73.0
12363,73.0
12364,73.0
12365,73.0
12366,73.0
12367,73.0
12368,73.0
12369,73.0
12370,73.0
12371,73.0
12372,73.0
12373,73.0
12374,73.0
12375,73.0
12376,73.0
12377,73.0
12378,83.0
12379,83.0
12380,83.0
12381,83.0
12382,83.0
12383,83.0
12384,83.0
12385,83.0
12386,83.0
12387,83.0
12388,83.0
12389,83.0
12390,83.0
12391,83.0
12392,83.0
12393,83.0
12394,83.0
12395,83.0
12396,83.0
12397,83.0
12398,83.0
12399,83.0
12400,83.0
12401,90.0
12402,89.0
12403,115.0
12404,96.0
12405,77.0
12406,71.0
12407,71.0
12408,71.0
12409,71.0
12410,71.0
12411,71.0
12412,71.0
12413,71.0
12414,71.0
12415,75.0
12416,75.0
12417,75.0
12418,73.0
12419,73.0
12420,71.0
12421,71.0
12422,71.0
12423,71.0
12424,71.0
12425,71.0
12426,71.0
12427,71.0
12428,71.0
12429,71.0
12430,71.0
12431,71.0
12432,71.0
12433,71.0
12434,71.0
12435,71.0
12436,71.0
12437,71.0
12438,75.0
12439,75.0
12440,75.0
12441,79.0
12442,79.0
12443,77.0
12444,77.0
12445,75.0
12446,75.0
12447,75.0
12448,71.0
12449,71.0
12450,71.0
12451,71.0
12452,71.0
12453,71.0
12454,71.0
12455,71.0
12456,71.0
12457,71.0
12458,71.0
12459,71.0
12460,71.0
12461,71.0
12462,71.0
12463,71.0
12464,71.0
12465,71.0
12466,71.0
12467,71.0
12468,71.0
12469,71.0
12470,71.0
12471,71.0
12472,71.0
12473,71.0
12474,71.0
12475,71.0
12476,71.0
12477,71.0
12478,71.0
12479,71.0
12480,71.0
12481,71.0
12482,71.0
12483,71.0
12484,71.0
12485,71.0
12486,71.0
12487,75.0
12488,75.0
12489,75.0
12490,75.0
12491,75.0
12492,75.0
12493,75.0
12494,75.0
12495,73.0
12496,73.0
12497,73.0
12498,71.0
12499,71.0
12500,71.0
12501,71.0
12502,71.0
12503,71.0
12504,71.0
12505,71.0
12506,71.0
12507,71.0
12508,71.0
12509,71.0
12510,71.0
12511,71.0
12512,71.0
12513,75.0
12514,75.0
12515,75.0
12516,75.0
12517,75.0
12518,75.0
12519,75.0
12520,75.0
12521,73.0
12522,71.0
12523,71.0
12524,71.0
12525,71.0
12526,71.0
12527,71.0
12528,71.0
12529,71.0
12530,71.0
12531,71.0
12532,71.0
12533,71.0
12534,71.0
12535,75.0
12536,79.0
12537,81.0
12538,81.0
12539,81.0
12540,81.0
12541,81.0
12542,81.0
12543,79.0
12544,79.0
12545,75.0
12546,73.0
12547,71.0
12548,71.0
12549,71.0
12550,71.0
12551,71.0
12552,71.0
12553,71.0
12554,71.0
12555,71.0
12556,71.0
12557,71.0
12558,71.0
12559,71.0
12560,75.0
12561,79.0
12562,79.0
12563,79.0
12564,79.0
12565,79.0
12566,79.0
12567,77.0
12568,77.0
12569,75.0
12570,71.0
12571,71.0
12572,71.0
12573,71.0
12574,71.0
12575,71.0
12576,71.0
12577,71.0
12578,71.0
12579,71.0
12580,71.0
12581,71.0
12582,75.0
12583,77.0
12584,139.0
12585,137.0
12586,137.0
12587,137.0
12588,137.0
12589,125.0
12590,104.0
12591,87.0
12592,87.0
12593,83.0
12594,75.0
12595,75.0
12596,75.0
12597,75.0
12598,75.0
12599,75.0
12600,75.0
12601,75.0
12602,75.0
12603,75.0
12604,75.0
12605,75.0
12606,75.0
12607,75.0
12608,75.0
12609,75.0
12610,75.0
12611,71.0
12612,71.0
12613,71.0
12614,71.0
12615,71.0
12616,71.0
12617,71.0
12618,71.0
12619,71.0
12620,71.0
12621,71.0
12622,71.0
12623,71.0
12624,71.0
12625,71.0
12626,71.0
12627,71.0
12628,71.0
12629,71.0
12630,71.0
12631,71.0
12632,71.0
12633,71.0
12634,71.0
12635,67.0
12636,67.0
12637,67.0
12638,67.0
12639,67.0
12640,67.0
12641,67.0
12642,67.0
12643,69.0
12644,67.0
12645,67.0
12646,67.0
12647,67.0
12648,67.0
12649,67.0
12650,67.0
12651,67.0
12652,67.0
12653,67.0
12654,67.0
12655,71.0
12656,71.0
12657,69.0
12658,69.0
12659,69.0
12660,69.0
12661,73.0
12662,73.0
12663,67.0
12664,67.0
12665,67.0
12666,67.0
12667,67.0
12668,67.0
12669,67.0
12670,67.0
12671,67.0
12672,67.0
12673,67.0
12674,67.0
12675,67.0
12676,67.0
12677,67.0
12678,67.0
12679,83.0
12680,83.0
12681,82.0
12682,82.0
12683,83.0
12684,83.0
12685,83.0
12686,83.0
12687,81.0
12688,83.0
12689,83.0
12690,83.0
12691,83.0
12692,83.0
12693,83.0
12694,83.0
12695,83.0
12696,83.0
12697,83.0
12698,83.0
12699,83.0
12700,83.0
12701,83.0
12702,83.0
12703,83.0
12704,83.0
12705,83.0
12706,83.0
12707,83.0
12708,83.0
12709,83.0
12710,82.0
12711,123.0
12712,135.0
12713,92.0
12714,79.0
12715,77.0
12716,77.0
12717,77.0
12718,77.0
12719,77.0
12720,77.0
12721,77.0
12722,77.0
12723,77.0
12724,77.0
12725,77.0
12726,77.0
12727,77.0
12728,77.0
12729,81.0
12730,81.0
12731,81.0
12732,81.0
12733,87.0
12734,87.0
12735,87.0
12736,87.0
12737,87.0
12738,87.0
12739,87.0
12740,87.0
12741,87.0
12742,87.0
12743,87.0
12744,87.0
12745,87.0
12746,87.0
12747,87.0
12748,87.0
12749,87.0
12750,87.0
12751,87.0
12752,87.0
12753,87.0
12754,87.0
12755,164.0
12756,164.0
12757,154.0
12758,137.0
12759,125.0
12760,108.0
12761,96.0
12762,87.0
12763,87.0
12764,87.0
12765,87.0
12766,87.0
12767,87.0
12768,87.0
12769,87.0
12770,87.0
12771,87.0
12772,87.0
12773,87.0
12774,87.0
12775,87.0
12776,87.0
12777,87.0
12778,87.0
12779,87.0
12780,87.0
12781,87.0
12782,87.0
12783,87.0
12784,96.0
12785,96.0
12786,96.0
12787,96.0
12788,96.0
12789,96.0
12790,79.0
12791,77.0
12792,77.0
12793,77.0
12794,77.0
12795,77.0
12796,77.0
12797,77.0
12798,77.0
12799,77.0
12800,77.0
12801,77.0
12802,77.0
12803,79.0
12804,77.0
12805,77.0
12806,77.0
12807,77.0
12808,77.0
12809,77.0
12810,77.0
12811,77.0
12812,77.0
12813,77.0
12814,77.0
12815,77.0
12816,77.0
12817,77.0
12818,77.0
12819,77.0
12820,77.0
12821,77.0
12822,77.0
12823,77.0
12824,77.0
12825,77.0
12826,77.0
12827,77.0
12828,77.0
12829,77.0
12830,77.0
12831,77.0
12832,77.0
12833,77.0
12834,77.0
12835,77.0
12836,77.0
12837,77.0
12838,77.0
12839,77.0
12840,77.0
12841,77.0
12842,77.0
12843,77.0
12844,77.0
12845,77.0
12846,77.0
12847,77.0
12848,83.0
12849,83.0
12850,83.0
12851,83.0
12852,160.0
12853,160.0
12854,160.0
12855,160.0
12856,146.0
12857,114.0
12858,106.0
12859,106.0
12860,106.0
12861,106.0
12862,87.0
12863,87.0
12864,87.0
12865,87.0
12866,87.0
12867,87.0
12868,87.0
12869,87.0
12870,87.0
12871,87.0
12872,87.0
12873,87.0
12874,91.0
12875,164.0
12876,164.0
12877,162.0
12878,144.0
12879,129.0
12880,112.0
12881,96.0
12882,91.0
12883,91.0
12884,91.0
12885,91.0
12886,87.0
12887,87.0
12888,87.0
12889,87.0
12890,87.0
12891,87.0
12892,87.0
12893,87.0
12894,87.0
12895,87.0
12896,94.0
12897,94.0
12898,96.0
12899,100.0
12900,92.0
12901,87.0
12902,87.0
12903,87.0
12904,87.0
12905,87.0
12906,87.0
12907,87.0
12908,87.0
12909,106.0
12910,114.0
12911,98.0
12912,91.0
12913,83.0
12914,83.0
12915,83.0
12916,83.0
12917,83.0
12918,83.0
12919,83.0
12920,83.0
12921,83.0
12922,83.0
12923,83.0
12924,83.0
12925,83.0
12926,83.0
12927,83.0
12928,83.0
12929,83.0
12930,83.0
12931,83.0
12932,83.0
12933,83.0
12934,83.0
12935,83.0
12936,83.0
12937,83.0
12938,83.0
12939,83.0
12940,83.0
12941,83.0
12942,83.0
12943,83.0
12944,83.0
12945,83.0
12946,83.0
12947,83.0
12948,83.0
12949,83.0
12950,83.0
12951,83.0
12952,83.0
12953,83.0
12954,83.0
12955,83.0
12956,83.0
12957,83.0
12958,83.0
12959,83.0
12960,83.0
12961,83.0
12962,83.0
12963,83.0
12964,83.0
12965,83.0
12966,83.0
12967,83.0
12968,83.0
12969,83.0
12970,83.0
12971,83.0
12972,83.0
12973,83.0
12974,83.0
12975,83.0
12976,83.0
12977,83.0
12978,83.0
12979,83.0
12980,83.0
12981,83.0
12982,83.0
12983,83.0
12984,83.0
12985,83.0
12986,83.0
12987,83.0
12988,83.0
12989,83.0
12990,83.0
12991,83.0
12992,83.0
12993,83.0
12994,83.0
12995,160.0
12996,160.0
12997,158.0
12998,146.0
12999,131.0
13000,114.0
13001,100.0
13002,87.0
13003,87.0
13004,87.0
13005,87.0
13006,87.0
13007,87.0
13008,87.0
13009,87.0
13010,87.0
13011,87.0
13012,87.0
13013,87.0
13014,87.0
13015,87.0
13016,87.0
13017,87.0
13018,87.0
13019,90.0
13020,164.0
13021,87.0
13022,87.0
13023,87.0
13024,87.0
13025,86.0
13026,86.0
13027,86.0
13028,86.0
13029,86.0
13030,86.0
13031,86.0
13032,86.0
13033,86.0
13034,86.0
13035,86.0
13036,86.0
13037,86.0
13038,86.0
13039,163.0
13040,201.0
13041,163.0
13042,163.0
13043,163.0
13044,163.0
13045,163.0
13046,163.0
13047,147.0
13048,132.0
13049,114.0
13050,97.0
13051,95.0
13052,95.0
13053,95.0
13054,95.0
13055,95.0
13056,95.0
13057,95.0
13058,95.0
13059,95.0
13060,95.0
13061,95.0
13062,95.0
13063,95.0
13064,95.0
13065,95.0
13066,95.0
13067,95.0
13068,95.0
13069,95.0
13070,95.0
13071,95.0
13072,95.0
13073,95.0
13074,95.0
13075,88.0
13076,86.0
13077,86.0
13078,86.0
13079,86.0
13080,86.0
13081,86.0
13082,86.0
13083,86.0
13084,86.0
13085,86.0
13086,86.0
13087,86.0
13088,86.0
13089,86.0
13090,86.0
13091,86.0
13092,86.0
13093,86.0
13094,86.0
13095,86.0
13096,86.0
13097,86.0
13098,86.0
13099,86.0
13100,86.0
13101,86.0
13102,86.0
13103,86.0
13104,86.0
13105,86.0
13106,86.0
13107,86.0
13108,86.0
13109,86.0
13110,86.0
13111,86.0
13112,86.0
13113,86.0
13114,86.0
13115,86.0
13116,86.0
13117,86.0
13118,86.0
13119,86.0
13120,86.0
13121,86.0
13122,86.0
13123,86.0
13124,86.0
13125,86.0
13126,86.0
13127,86.0
13128,86.0
13129,86.0
13130,86.0
13131,86.0
13132,86.0
13133,86.0
13134,86.0
13135,86.0
13136,86.0
13137,86.0
13138,86.0
13139,86.0
13140,86.0
13141,86.0
13142,86.0
13143,86.0
13144,86.0
13145,86.0
13146,86.0
13147,86.0
13148,86.0
13149,86.0
13150,86.0
13151,86.0
13152,86.0
13153,86.0
13154,86.0
13155,86.0
13156,86.0
13157,86.0
13158,86.0
13159,86.0
13160,86.0
13161,86.0
13162,86.0
13163,86.0
13164,86.0
13165,86.0
13166,86.0
13167,86.0
13168,86.0
13169,86.0
13170,86.0
13171,86.0
13172,86.0
13173,86.0
13174,86.0
13175,86.0
13176,86.0
13177,86.0
13178,86.0
13179,86.0
13180,86.0
13181,86.0
13182,86.0
13183,86.0
13184,86.0
13185,86.0
13186,86.0
13187,86.0
13188,86.0
13189,86.0
13190,86.0
13191,86.0
13192,86.0
13193,86.0
13194,86.0
13195,86.0
13196,86.0
13197,86.0
13198,86.0
13199,86.0
13200,86.0
13201,86.0
13202,86.0
13203,86.0
13204,86.0
13205,86.0
13206,86.0
13207,86.0
13208,86.0
13209,86.0
13210,86.0
13211,86.0
13212,86.0
13213,86.0
13214,86.0
13215,86.0
13216,86.0
13217,86.0
13218,86.0
13219,86.0
13220,86.0
13221,86.0
13222,86.0
13223,86.0
13224,86.0
13225,86.0
13226,86.0
13227,86.0
13228,86.0
13229,86.0
13230,86.0
13231,86.0
13232,86.0
13233,86.0
13234,86.0
13235,86.0
13236,86.0
13237,86.0
13238,86.0
13239,86.0
13240,86.0
13241,86.0
13242,86.0
13243,86.0
13244,86.0
13245,86.0
13246,86.0
13247,86.0
13248,86.0
13249,86.0
13250,86.0
13251,86.0
13252,86.0
13253,86.0
13254,86.0
13255,86.0
13256,86.0
13257,86.0
13258,86.0
13259,86.0
13260,86.0
13261,86.0
13262,86.0
13263,86.0
13264,86.0
13265,86.0
13266,86.0
13267,86.0
13268,86.0
13269,86.0
13270,86.0
13271,86.0
13272,86.0
13273,86.0
13274,86.0
13275,86.0
13276,86.0
13277,86.0
13278,86.0
13279,86.0
13280,86.0
13281,86.0
13282,86.0
13283,86.0
13284,86.0
13285,86.0
13286,86.0
13287,86.0
13288,86.0
13289,86.0
13290,86.0
13291,86.0
13292,86.0
13293,86.0
13294,86.0
13295,86.0
13296,86.0
13297,86.0
13298,86.0
13299,86.0
13300,86.0
13301,86.0
13302,86.0
13303,86.0
13304,86.0
13305,86.0
13306,86.0
13307,86.0
13308,86.0
13309,86.0
13310,86.0
13311,86.0
13312,86.0
13313,86.0
13314,86.0
13315,86.0
13316,86.0
13317,86.0
13318,86.0
13319,86.0
13320,86.0
13321,86.0
13322,86.0
13323,86.0
13324,86.0
13325,86.0
13326,86.0
13327,86.0
13328,86.0
13329,86.0
13330,86.0
13331,86.0
13332,86.0
13333,86.0
13334,86.0
13335,86.0
13336,86.0
13337,86.0
13338,86.0
13339,86.0
13340,86.0
13341,86.0
13342,86.0
13343,86.0
13344,86.0
13345,86.0
13346,86.0
13347,86.0
13348,86.0
13349,86.0
13350,86.0
13351,86.0
13352,89.0
13353,89.0
13354,166.0
13355,163.0
13356,161.0
13357,143.0
13358,128.0
13359,111.0
13360,97.0
13361,88.0
13362,86.0
13363,86.0
13364,86.0
13365,86.0
13366,86.0
13367,86.0
13368,86.0
13369,86.0
13370,86.0
13371,86.0
13372,86.0
13373,86.0
13374,86.0
13375,86.0
13376,86.0
13377,86.0
13378,86.0
13379,86.0
13380,86.0
13381,86.0
13382,86.0
13383,86.0
13384,86.0
13385,86.0
13386,86.0
13387,86.0
13388,86.0
13389,86.0
13390,86.0
13391,86.0
13392,86.0
13393,86.0
13394,86.0
13395,86.0
13396,86.0
13397,86.0
13398,86.0
13399,86.0
13400,86.0
13401,86.0
13402,86.0
13403,86.0
13404,86.0
13405,86.0
13406,86.0
13407,86.0
13408,86.0
13409,86.0
13410,86.0
13411,86.0
13412,86.0
13413,86.0
13414,86.0
13415,86.0
13416,86.0
13417,86.0
13418,86.0
13419,86.0
13420,86.0
13421,86.0
13422,86.0
13423,86.0
13424,86.0
13425,86.0
13426,86.0
13427,86.0
13428,86.0
13429,86.0
13430,86.0
13431,86.0
13432,86.0
13433,86.0
13434,86.0
13435,86.0
13436,86.0
13437,86.0
13438,86.0
13439,86.0
13440,86.0
13441,86.0
13442,86.0
13443,86.0
13444,86.0
13445,86.0
13446,86.0
13447,86.0
13448,86.0
13449,86.0
13450,86.0
13451,86.0
13452,86.0
13453,86.0
13454,86.0
13455,86.0
13456,86.0
13457,86.0
13458,86.0
13459,86.0
13460,86.0
13461,86.0
13462,86.0
13463,86.0
13464,86.0
13465,86.0
13466,86.0
13467,86.0
13468,86.0
13469,86.0
13470,86.0
13471,86.0
13472,86.0
13473,86.0
13474,86.0
13475,86.0
13476,86.0
13477,86.0
13478,86.0
13479,86.0
13480,86.0
13481,86.0
13482,86.0
13483,86.0
13484,86.0
13485,86.0
13486,86.0
13487,86.0
13488,86.0
13489,86.0
13490,86.0
13491,86.0
13492,86.0
13493,86.0
13494,86.0
13495,86.0
13496,86.0
13497,86.0
13498,86.0
13499,86.0
13500,86.0
13501,86.0
13502,86.0
13503,86.0
13504,86.0
13505,86.0
13506,86.0
13507,86.0
13508,86.0
13509,86.0
13510,86.0
13511,86.0
13512,86.0
13513,86.0
13514,86.0
13515,86.0
13516,86.0
13517,86.0
13518,86.0
13519,86.0
13520,86.0
13521,86.0
13522,86.0
13523,86.0
13524,86.0
13525,86.0
13526,86.0
13527,86.0
13528,86.0
13529,86.0
13530,86.0
13531,86.0
13532,86.0
13533,86.0
13534,86.0
13535,86.0
13536,86.0
13537,86.0
13538,86.0
13539,86.0
13540,86.0
13541,86.0
13542,86.0
13543,86.0
13544,86.0
13545,86.0
13546,86.0
13547,86.0
13548,86.0
13549,86.0
13550,86.0
13551,86.0
13552,86.0
13553,86.0
13554,86.0
13555,86.0
13556,86.0
13557,86.0
13558,86.0
13559,86.0
13560,86.0
13561,86.0
13562,86.0
13563,86.0
13564,86.0
13565,83.0
13566,86.0
13567,86.0
13568,86.0
13569,86.0
13570,86.0
13571,86.0
13572,86.0
13573,86.0
13574,86.0
13575,86.0
13576,86.0
13577,86.0
13578,86.0
13579,86.0
13580,86.0
13581,86.0
13582,86.0
13583,86.0
13584,86.0
13585,86.0
13586,86.0
13587,86.0
13588,86.0
13589,86.0
13590,86.0
13591,86.0
13592,86.0
13593,82.0
13594,155.0
13595,155.0
13596,193.0
13597,159.0
13598,153.0
13599,136.0
13600,120.0
13601,103.0
13602,89.0
13603,89.0
13604,89.0
13605,89.0
13606,89.0
13607,89.0
13608,89.0
13609,89.0
13610,89.0
13611,89.0
13612,89.0
13613,89.0
13614,89.0
13615,89.0
13616,89.0
13617,89.0
13618,89.0
13619,86.0
13620,86.0
13621,86.0
13622,86.0
13623,86.0
13624,86.0
13625,86.0
13626,86.0
13627,86.0
13628,86.0
13629,86.0
13630,86.0
13631,86.0
13632,86.0
13633,86.0
13634,86.0
13635,86.0
13636,86.0
13637,86.0
13638,86.0
13639,86.0
13640,86.0
13641,86.0
13642,86.0
13643,86.0
13644,86.0
13645,86.0
13646,86.0
13647,86.0
13648,86.0
13649,86.0
13650,86.0
13651,86.0
13652,86.0
13653,86.0
13654,86.0
13655,86.0
13656,86.0
13657,86.0
13658,86.0
13659,86.0
13660,86.0
13661,86.0
13662,86.0
13663,86.0
13664,86.0
13665,86.0
13666,86.0
13667,86.0
13668,86.0
13669,86.0
13670,86.0
13671,86.0
13672,86.0
13673,86.0
13674,86.0
13675,86.0
13676,86.0
13677,86.0
13678,86.0
13679,86.0
13680,86.0
13681,86.0
13682,86.0
13683,86.0
13684,86.0
13685,86.0
13686,86.0
13687,86.0
13688,86.0
13689,86.0
13690,86.0
13691,86.0
13692,86.0
13693,86.0
13694,86.0
13695,86.0
13696,86.0
13697,86.0
13698,86.0
13699,86.0
13700,86.0
13701,86.0
13702,86.0
13703,86.0
13704,86.0
13705,86.0
13706,86.0
13707,86.0
13708,86.0
13709,86.0
13710,86.0
13711,86.0
13712,86.0
13713,86.0
13714,86.0
13715,163.0
13716,163.0
13717,163.0
13718,153.0
13719,136.0
13720,120.0
13721,103.0
13722,88.0
13723,86.0
13724,86.0
13725,86.0
13726,86.0
13727,86.0
13728,86.0
13729,86.0
13730,86.0
13731,86.0
13732,86.0
13733,86.0
13734,86.0
13735,86.0
13736,86.0
13737,86.0
13738,86.0
13739,86.0
13740,86.0
13741,86.0
13742,86.0
13743,86.0
13744,86.0
13745,86.0
13746,86.0
13747,86.0
13748,86.0
13749,86.0
13750,86.0
13751,86.0
13752,86.0
13753,86.0
13754,86.0
13755,86.0
13756,86.0
13757,85.0
13758,86.0
13759,86.0
13760,86.0
13761,86.0
13762,86.0
13763,86.0
13764,86.0
13765,86.0
13766,86.0
13767,86.0
13768,86.0
13769,86.0
13770,86.0
13771,86.0
13772,86.0
13773,86.0
13774,86.0
13775,86.0
13776,86.0
13777,86.0
13778,86.0
13779,86.0
13780,86.0
13781,86.0
13782,86.0
13783,86.0
13784,86.0
13785,86.0
13786,86.0
13787,86.0
13788,86.0
13789,86.0
13790,86.0
13791,86.0
13792,86.0
13793,86.0
13794,86.0
13795,86.0
13796,86.0
13797,86.0
13798,86.0
13799,86.0
13800,86.0
13801,86.0
13802,86.0
13803,86.0
13804,86.0
13805,86.0
13806,86.0
13807,86.0
13808,86.0
13809,86.0
13810,86.0
13811,86.0
13812,86.0
13813,86.0
13814,86.0
13815,86.0
13816,86.0
13817,86.0
13818,86.0
13819,86.0
13820,86.0
13821,86.0
13822,86.0
13823,86.0
13824,86.0
13825,86.0
13826,86.0
13827,86.0
13828,86.0
13829,86.0
13830,86.0
13831,86.0
13832,86.0
13833,86.0
13834,86.0
13835,86.0
13836,86.0
13837,86.0
13838,86.0
13839,86.0
13840,86.0
13841,86.0
13842,86.0
13843,86.0
13844,86.0
13845,86.0
13846,86.0
13847,86.0
13848,86.0
13849,86.0
13850,86.0
13851,86.0
13852,86.0
13853,86.0
13854,86.0
13855,86.0
13856,86.0
13857,86.0
13858,86.0
13859,86.0
13860,86.0
13861,86.0
13862,86.0
13863,86.0
13864,86.0
13865,86.0
13866,86.0
13867,86.0
13868,86.0
13869,86.0
13870,86.0
13871,86.0
13872,86.0
13873,86.0
13874,86.0
13875,86.0
13876,86.0
13877,86.0
13878,86.0
13879,86.0
13880,163.0
13881,163.0
13882,163.0
13883,145.0
13884,130.0
13885,112.0
13886,95.0
13887,84.0
13888,84.0
13889,86.0
13890,86.0
13891,86.0
13892,86.0
13893,86.0
13894,86.0
13895,86.0
13896,86.0
13897,86.0
13898,86.0
13899,86.0
13900,86.0
13901,86.0
13902,86.0
13903,85.0
13904,86.0
13905,86.0
13906,86.0
13907,86.0
13908,86.0
13909,86.0
13910,86.0
13911,86.0
13912,86.0
13913,86.0
13914,86.0
13915,86.0
13916,86.0
13917,86.0
13918,86.0
13919,86.0
13920,86.0
13921,86.0
13922,86.0
13923,86.0
13924,86.0
13925,86.0
13926,85.0
13927,86.0
13928,86.0
13929,86.0
13930,86.0
13931,86.0
13932,86.0
13933,86.0
13934,86.0
13935,86.0
13936,86.0
13937,86.0
13938,86.0
13939,86.0
13940,86.0
13941,86.0
13942,86.0
13943,86.0
13944,86.0
13945,86.0
13946,86.0
13947,86.0
13948,86.0
13949,86.0
13950,85.0
13951,86.0
13952,86.0
13953,86.0
13954,86.0
13955,86.0
13956,86.0
13957,86.0
13958,86.0
13959,86.0
13960,86.0
13961,86.0
13962,86.0
13963,86.0
13964,86.0
13965,86.0
13966,86.0
13967,86.0
13968,86.0
13969,86.0
13970,86.0
13971,86.0
13972,85.0
13973,86.0
13974,86.0
13975,86.0
13976,86.0
13977,86.0
13978,86.0
13979,86.0
13980,85.0
13981,86.0
13982,86.0
13983,86.0
13984,86.0
13985,86.0
13986,86.0
13987,86.0
13988,86.0
13989,86.0
13990,86.0
13991,86.0
13992,86.0
13993,86.0
13994,86.0
13995,84.0
13996,86.0
13997,86.0
13998,85.0
13999,86.0
14000,86.0
14001,86.0
14002,86.0
14003,86.0
14004,86.0
14005,86.0
14006,86.0
14007,86.0
14008,86.0
14009,86.0
14010,86.0
14011,86.0
14012,86.0
14013,86.0
14014,86.0
14015,86.0
14016,86.0
14017,86.0
14018,86.0
14019,86.0
14020,86.0
14021,86.0
14022,86.0
14023,84.0
14024,85.0
14025,85.0
14026,85.0
14027,86.0
14028,86.0
14029,86.0
14030,86.0
14031,86.0
14032,86.0
14033,86.0
14034,86.0
14035,86.0
14036,86.0
14037,86.0
14038,86.0
14039,86.0
14040,86.0
14041,86.0
14042,86.0
14043,86.0
14044,86.0
14045,86.0
14046,86.0
14047,86.0
14048,86.0
14049,86.0
14050,86.0
14051,86.0
14052,86.0
14053,86.0
14054,86.0
14055,86.0
14056,86.0
14057,86.0
14058,86.0
14059,86.0
14060,86.0
14061,86.0
14062,86.0
14063,86.0
14064,86.0
14065,86.0
14066,86.0
14067,86.0
14068,86.0
14069,86.0
14070,86.0
14071,86.0
14072,86.0
14073,86.0
14074,86.0
14075,86.0
14076,86.0
14077,86.0
14078,86.0
14079,86.0
14080,86.0
14081,86.0
14082,86.0
14083,86.0
14084,86.0
14085,86.0
14086,86.0
14087,86.0
14088,86.0
14089,86.0
14090,86.0
14091,86.0
14092,85.0
14093,86.0
14094,86.0
14095,86.0
14096,86.0
14097,86.0
14098,86.0
14099,86.0
14100,86.0
14101,86.0
14102,86.0
14103,84.0
14104,84.0
14105,84.0
14106,86.0
14107,86.0
14108,86.0
14109,86.0
14110,86.0
14111,86.0
14112,86.0
14113,86.0
14114,86.0
14115,86.0
14116,86.0
14117,86.0
14118,86.0
14119,86.0
14120,86.0
14121,86.0
14122,82.0
14123,82.0
14124,82.0
14125,82.0
14126,82.0
14127,82.0
14128,82.0
14129,82.0
14130,82.0
14131,82.0
14132,82.0
14133,82.0
14134,82.0
14135,82.0
14136,82.0
14137,82.0
14138,82.0
14139,82.0
14140,82.0
14141,82.0
14142,82.0
14143,82.0
14144,82.0
14145,82.0
14146,82.0
14147,82.0
14148,79.0
14149,80.0
14150,81.0
14151,82.0
14152,82.0
14153,82.0
14154,82.0
14155,82.0
14156,82.0
14157,82.0
14158,82.0
14159,82.0
14160,82.0
14161,82.0
14162,82.0
14163,82.0
14164,82.0
14165,82.0
14166,82.0
14167,159.0
14168,159.0
14169,159.0
14170,159.0
14171,149.0
14172,134.0
14173,116.0
14174,101.0
14175,86.0
14176,86.0
14177,86.0
14178,86.0
14179,85.0
14180,86.0
14181,86.0
14182,86.0
14183,86.0
14184,86.0
14185,86.0
14186,86.0
14187,86.0
14188,86.0
14189,84.0
14190,84.0
14191,84.0
14192,84.0
14193,84.0
14194,83.0
14195,84.0
14196,84.0
14197,84.0
14198,85.0
14199,86.0
14200,85.0
14201,86.0
14202,86.0
14203,86.0
14204,86.0
14205,86.0
14206,86.0
14207,86.0
14208,86.0
14209,86.0
14210,86.0
14211,86.0
14212,86.0
14213,84.0
14214,84.0
14215,84.0
14216,84.0
14217,84.0
14218,84.0
14219,84.0
14220,84.0
14221,84.0
14222,84.0
14223,84.0
14224,86.0
14225,86.0
14226,84.0
14227,85.0
14228,86.0
14229,86.0
14230,86.0
14231,86.0
14232,86.0
14233,86.0
14234,86.0
14235,86.0
14236,86.0
14237,86.0
14238,86.0
14239,86.0
14240,86.0
14241,86.0
14242,163.0
14243,163.0
14244,163.0
14245,89.0
14246,86.0
14247,86.0
14248,86.0
14249,86.0
14250,82.0
14251,82.0
14252,82.0
14253,82.0
14254,82.0
14255,82.0
14256,82.0
14257,82.0
14258,82.0
14259,82.0
14260,159.0
14261,159.0
14262,159.0
14263,147.0
14264,163.0
14265,86.0
14266,85.0
14267,86.0
14268,86.0
14269,86.0
14270,86.0
14271,86.0
14272,163.0
14273,86.0
14274,86.0
14275,86.0
14276,86.0
14277,86.0
14278,86.0
14279,86.0
14280,86.0
14281,86.0
14282,86.0
14283,84.0
14284,84.0
14285,84.0
14286,84.0
14287,84.0
14288,84.0
14289,84.0
14290,86.0
14291,86.0
14292,86.0
14293,84.0
14294,84.0
14295,86.0
14296,86.0
14297,86.0
14298,86.0
14299,86.0
14300,86.0
14301,86.0
14302,86.0
14303,86.0
14304,86.0
14305,86.0
14306,85.0
14307,82.0
14308,83.0
14309,83.0
14310,84.0
14311,84.0
14312,86.0
14313,86.0
14314,86.0
14315,86.0
14316,86.0
14317,86.0
14318,86.0
14319,86.0
14320,86.0
14321,86.0
14322,86.0
14323,86.0
14324,86.0
14325,86.0
14326,86.0
14327,86.0
14328,86.0
14329,86.0
14330,86.0
14331,84.0
14332,85.0
14333,161.0
14334,161.0
14335,161.0
14336,161.0
14337,161.0
14338,161.0
14339,161.0
14340,161.0
14341,161.0
14342,159.0
14343,163.0
14344,163.0
14345,163.0
14346,163.0
14347,163.0
14348,163.0
14349,163.0
14350,163.0
14351,163.0
14352,163.0
14353,163.0
14354,163.0
14355,161.0
14356,161.0
14357,159.0
14358,157.0
14359,157.0
14360,159.0
14361,159.0
14362,159.0
14363,157.0
14364,159.0
14365,161.0
14366,150.0
14367,135.0
14368,118.0
14369,103.0
14370,86.0
14371,86.0
14372,86.0
14373,86.0
14374,86.0
14375,86.0
14376,86.0
14377,86.0
14378,84.0
14379,84.0
14380,79.0
14381,80.0
14382,81.0
14383,82.0
14384,82.0
14385,163.0
14386,163.0
14387,161.0
14388,161.0
14389,161.0
14390,152.0
14391,136.0
14392,120.0
14393,103.0
14394,87.0
14395,86.0
14396,86.0
14397,86.0
14398,86.0
14399,86.0
14400,86.0
14401,86.0
14402,86.0
14403,86.0
14404,86.0
14405,86.0
14406,86.0
14407,86.0
14408,85.0
14409,86.0
14410,86.0
14411,86.0
14412,86.0
14413,86.0
14414,86.0
14415,163.0
14416,163.0
14417,163.0
14418,163.0
14419,163.0
14420,163.0
14421,163.0
14422,163.0
14423,163.0
14424,163.0
14425,163.0
14426,163.0
14427,163.0
14428,163.0
14429,163.0
14430,163.0
14431,163.0
14432,163.0
14433,163.0
14434,163.0
14435,163.0
14436,163.0
14437,163.0
14438,163.0
14439,163.0
14440,163.0
14441,163.0
14442,163.0
14443,163.0
14444,163.0
14445,163.0
14446,163.0
14447,163.0
14448,163.0
14449,163.0
14450,163.0
14451,159.0
14452,144.0
14453,128.0
14454,124.0
14455,124.0
14456,112.0
14457,95.0
14458,86.0
14459,86.0
14460,86.0
14461,86.0
14462,86.0
14463,86.0
14464,86.0
14465,86.0
14466,86.0
14467,86.0
14468,85.0
14469,86.0
14470,86.0
14471,86.0
14472,86.0
14473,86.0
14474,86.0
14475,86.0
14476,86.0
14477,86.0
14478,86.0
14479,86.0
14480,86.0
14481,86.0
14482,86.0
14483,86.0
14484,86.0
14485,86.0
14486,86.0
14487,86.0
14488,86.0
14489,86.0
14490,86.0
14491,86.0
14492,86.0
14493,86.0
14494,86.0
14495,86.0
14496,86.0
14497,86.0
14498,86.0
14499,86.0
14500,86.0
14501,86.0
14502,86.0
14503,86.0
14504,86.0
14505,86.0
14506,86.0
14507,86.0
14508,86.0
14509,86.0
14510,86.0
14511,86.0
14512,86.0
14513,86.0
14514,86.0
14515,86.0
14516,86.0
14517,86.0
14518,86.0
14519,86.0
14520,86.0
14521,86.0
14522,86.0
14523,86.0
14524,86.0
14525,86.0
14526,86.0
14527,86.0
14528,86.0
14529,86.0
14530,86.0
14531,86.0
14532,86.0
14533,86.0
14534,86.0
14535,86.0
14536,86.0
14537,86.0
14538,86.0
14539,86.0
14540,84.0
14541,86.0
14542,86.0
14543,86.0
14544,86.0
14545,86.0
14546,86.0
14547,86.0
14548,86.0
14549,86.0
14550,163.0
14551,161.0
14552,163.0
14553,155.0
14554,139.0
14555,122.0
14556,107.0
14557,89.0
14558,86.0
14559,86.0
14560,86.0
14561,86.0
14562,86.0
14563,86.0
14564,85.0
14565,86.0
14566,85.0
14567,86.0
14568,86.0
14569,86.0
14570,86.0
14571,86.0
14572,84.0
14573,83.0
14574,84.0
14575,84.0
14576,84.0
14577,84.0
14578,84.0
14579,84.0
14580,84.0
14581,84.0
14582,84.0
14583,84.0
14584,84.0
14585,84.0
14586,85.0
14587,85.0
14588,85.0
14589,85.0
14590,85.0
14591,85.0
14592,86.0
14593,86.0
14594,86.0
14595,85.0
14596,86.0
14597,86.0
14598,86.0
14599,86.0
14600,86.0
14601,86.0
14602,86.0
14603,86.0
14604,85.0
14605,85.0
14606,85.0
14607,86.0
14608,86.0
14609,86.0
14610,86.0
14611,86.0
14612,86.0
14613,86.0
14614,86.0
14615,86.0
14616,86.0
14617,86.0
14618,86.0
14619,86.0
14620,86.0
14621,86.0
14622,86.0
14623,86.0
14624,86.0
14625,86.0
14626,86.0
14627,86.0
14628,86.0
14629,86.0
14630,86.0
14631,86.0
14632,86.0
14633,86.0
14634,86.0
14635,86.0
14636,86.0
14637,86.0
14638,86.0
14639,86.0
14640,86.0
14641,86.0
14642,86.0
14643,86.0
14644,86.0
14645,86.0
14646,86.0
14647,86.0
14648,86.0
14649,86.0
14650,86.0
14651,86.0
14652,86.0
14653,86.0
14654,86.0
14655,86.0
14656,86.0
14657,86.0
14658,86.0
14659,86.0
14660,86.0
14661,86.0
14662,86.0
14663,86.0
14664,86.0
14665,86.0
14666,84.0
14667,85.0
14668,86.0
14669,86.0
14670,86.0
14671,86.0
14672,86.0
14673,107.0
14674,109.0
14675,109.0
14676,110.0
14677,105.0
14678,107.0
14679,105.0
14680,105.0
14681,105.0
14682,105.0
14683,105.0
14684,104.0
14685,102.0
14686,85.0
14687,86.0
14688,84.0
14689,85.0
14690,86.0
14691,86.0
14692,84.0
14693,84.0
14694,86.0
14695,86.0
14696,86.0
14697,84.0
14698,163.0
14699,161.0
14700,150.0
14701,130.0
14702,116.0
14703,107.0
14704,90.0
14705,86.0
14706,86.0
14707,86.0
14708,86.0
14709,86.0
14710,86.0
14711,86.0
14712,86.0
14713,86.0
14714,86.0
14715,86.0
14716,86.0
14717,86.0
14718,86.0
14719,85.0
14720,85.0
14721,85.0
14722,163.0
14723,163.0
14724,159.0
14725,149.0
14726,136.0
14727,118.0
14728,101.0
14729,86.0
14730,86.0
14731,86.0
14732,86.0
14733,86.0
14734,86.0
14735,86.0
14736,86.0
14737,86.0
14738,86.0
14739,86.0
14740,84.0
14741,84.0
14742,84.0
14743,84.0
14744,84.0
14745,84.0
14746,84.0
14747,84.0
14748,84.0
14749,85.0
14750,85.0
14751,85.0
14752,85.0
14753,85.0
14754,85.0
14755,85.0
14756,86.0
14757,86.0
14758,86.0
14759,86.0
14760,86.0
14761,86.0
14762,86.0
14763,86.0
14764,86.0
14765,86.0
14766,86.0
14767,85.0
14768,86.0
14769,84.0
14770,84.0
14771,84.0
14772,84.0
14773,84.0
14774,84.0
14775,84.0
14776,85.0
14777,86.0
14778,86.0
14779,86.0
14780,86.0
14781,86.0
14782,86.0
14783,86.0
14784,86.0
14785,86.0
14786,86.0
14787,86.0
14788,86.0
14789,86.0
14790,86.0
14791,86.0
14792,86.0
14793,86.0
14794,86.0
14795,86.0
14796,86.0
14797,86.0
14798,86.0
14799,86.0
14800,86.0
14801,86.0
14802,86.0
14803,86.0
14804,84.0
14805,85.0
14806,86.0
14807,86.0
14808,86.0
14809,86.0
14810,86.0
14811,86.0
14812,86.0
14813,86.0
14814,86.0
14815,85.0
14816,85.0
14817,85.0
14818,85.0
14819,85.0
14820,85.0
14821,85.0
14822,85.0
14823,85.0
14824,85.0
14825,85.0
14826,85.0
14827,85.0
14828,85.0
14829,85.0
14830,86.0
14831,86.0
14832,86.0
14833,86.0
14834,86.0
14835,86.0
14836,86.0
14837,86.0
14838,86.0
14839,86.0
14840,86.0
14841,86.0
14842,84.0
14843,85.0
14844,86.0
14845,86.0
14846,80.0
14847,82.0
14848,82.0
14849,83.0
14850,84.0
14851,85.0
14852,86.0
14853,86.0
14854,86.0
14855,86.0
14856,86.0
14857,84.0
14858,86.0
14859,86.0
14860,86.0
14861,86.0
14862,86.0
14863,85.0
14864,85.0
14865,85.0
14866,85.0
14867,85.0
14868,85.0
14869,86.0
14870,86.0
14871,86.0
14872,86.0
14873,86.0
14874,86.0
14875,86.0
14876,86.0
14877,86.0
14878,86.0
14879,86.0
14880,86.0
14881,86.0
14882,86.0
14883,85.0
14884,84.0
14885,84.0
14886,82.0
14887,83.0
14888,84.0
14889,88.0
14890,161.0
14891,161.0
14892,159.0
14893,145.0
14894,130.0
14895,115.0
14896,100.0
14897,86.0
14898,86.0
14899,86.0
14900,86.0
14901,86.0
14902,86.0
14903,86.0
14904,86.0
14905,86.0
14906,84.0
14907,84.0
14908,86.0
14909,86.0
14910,86.0
14911,86.0
14912,83.0
14913,83.0
14914,83.0
14915,83.0
14916,83.0
14917,84.0
14918,84.0
14919,84.0
14920,84.0
14921,84.0
14922,84.0
14923,84.0
14924,86.0
14925,86.0
14926,86.0
14927,86.0
14928,86.0
14929,86.0
14930,86.0
14931,86.0
14932,86.0
14933,86.0
14934,85.0
14935,85.0
14936,86.0
14937,86.0
14938,86.0
14939,86.0
14940,86.0
14941,86.0
14942,86.0
14943,86.0
14944,86.0
14945,86.0
14946,86.0
14947,87.0
14948,86.0
14949,86.0
14950,86.0
14951,86.0
14952,86.0
14953,86.0
14954,86.0
14955,86.0
14956,86.0
14957,85.0
14958,85.0
14959,85.0
14960,85.0
14961,85.0
14962,85.0
14963,85.0
14964,85.0
14965,85.0
14966,85.0
14967,85.0
14968,85.0
14969,86.0
14970,86.0
14971,86.0
14972,86.0
14973,86.0
14974,86.0
14975,86.0
14976,86.0
14977,86.0
14978,86.0
14979,86.0
14980,86.0
14981,86.0
14982,86.0
14983,86.0
14984,86.0
14985,86.0
14986,86.0
14987,86.0
14988,86.0
14989,86.0
14990,86.0
14991,161.0
14992,163.0
14993,163.0
14994,163.0
14995,163.0
14996,163.0
14997,163.0
14998,163.0
14999,163.0
15000,163.0
15001,163.0
15002,163.0
15003,157.0
15004,157.0
15005,157.0
15006,161.0
15007,163.0
15008,163.0
15009,163.0
15010,160.0
15011,159.0
15012,161.0
15013,163.0
15014,163.0
15015,163.0
15016,161.0
15017,163.0
15018,162.0
15019,163.0
15020,163.0
15021,163.0
15022,163.0
15023,163.0
15024,162.0
15025,162.0
15026,159.0
15027,161.0
15028,162.0
15029,161.0
15030,163.0
15031,163.0
15032,148.0
15033,132.0
15034,124.0
15035,124.0
15036,124.0
15037,124.0
15038,123.0
15039,124.0
15040,124.0
15041,124.0
15042,124.0
15043,124.0
15044,124.0
15045,124.0
15046,124.0
15047,124.0
15048,124.0
15049,124.0
15050,124.0
15051,124.0
15052,124.0
15053,122.0
15054,117.0
15055,101.0
15056,117.0
15057,117.0
15058,117.0
15059,117.0
15060,117.0
15061,119.0
15062,123.0
15063,124.0
15064,124.0
15065,124.0
15066,124.0
15067,124.0
15068,124.0
15069,124.0
15070,124.0
15071,124.0
15072,124.0
15073,124.0
15074,124.0
15075,124.0
15076,119.0
15077,110.0
15078,92.0
15079,157.0
15080,157.0
15081,159.0
15082,155.0
15083,145.0
15084,128.0
15085,111.0
15086,96.0
15087,79.0
15088,83.0
15089,83.0
15090,83.0
15091,84.0
15092,84.0
15093,84.0
15094,85.0
15095,85.0
15096,86.0
15097,86.0
15098,86.0
15099,86.0
15100,86.0
15101,86.0
15102,86.0
15103,86.0
15104,86.0
15105,85.0
15106,85.0
15107,86.0
15108,86.0
15109,86.0
15110,86.0
15111,86.0
15112,86.0
15113,86.0
15114,86.0
15115,86.0
15116,86.0
15117,86.0
15118,86.0
15119,86.0
15120,86.0
15121,84.0
15122,83.0
15123,82.0
15124,83.0
15125,84.0
15126,84.0
15127,84.0
15128,84.0
15129,84.0
15130,84.0
15131,84.0
15132,84.0
15133,84.0
15134,84.0
15135,84.0
15136,84.0
15137,84.0
15138,84.0
15139,86.0
15140,86.0
15141,86.0
15142,86.0
15143,86.0
15144,86.0
15145,86.0
15146,84.0
15147,84.0
15148,84.0
15149,83.0
15150,84.0
15151,84.0
15152,84.0
15153,84.0
15154,84.0
15155,83.0
15156,84.0
15157,84.0
15158,84.0
15159,84.0
15160,84.0
15161,84.0
15162,84.0
15163,84.0
15164,85.0
15165,86.0
15166,86.0
15167,86.0
15168,86.0
15169,84.0
15170,84.0
15171,86.0
15172,83.0
15173,82.0
15174,83.0
15175,84.0
15176,84.0
15177,84.0
15178,84.0
15179,84.0
15180,84.0
15181,84.0
15182,84.0
15183,84.0
15184,84.0
15185,84.0
15186,85.0
15187,86.0
15188,86.0
15189,86.0
15190,86.0
15191,86.0
15192,86.0
15193,86.0
15194,83.0
15195,84.0
15196,84.0
15197,85.0
15198,84.0
15199,84.0
15200,84.0
15201,155.0
15202,159.0
15203,159.0
15204,141.0
15205,124.0
15206,106.0
15207,89.0
15208,83.0
15209,83.0
15210,84.0
15211,83.0
15212,84.0
15213,84.0
15214,84.0
15215,84.0
15216,85.0
15217,85.0
15218,85.0
15219,85.0
15220,85.0
15221,85.0
15222,83.0
15223,84.0
15224,84.0
15225,84.0
15226,84.0
15227,84.0
15228,84.0
15229,85.0
15230,85.0
15231,85.0
15232,85.0
15233,85.0
15234,85.0
15235,85.0
15236,85.0
15237,85.0
15238,85.0
15239,83.0
15240,84.0
15241,84.0
15242,84.0
15243,84.0
15244,85.0
15245,85.0
15246,85.0
15247,85.0
15248,85.0
15249,85.0
15250,85.0
15251,86.0
15252,86.0
15253,86.0
15254,86.0
15255,83.0
15256,85.0
15257,85.0
15258,85.0
15259,85.0
15260,85.0
15261,85.0
15262,85.0
15263,85.0
15264,85.0
15265,85.0
15266,85.0
15267,85.0
15268,85.0
15269,162.0
15270,162.0
15271,163.0
15272,163.0
15273,163.0
15274,151.0
15275,136.0
15276,118.0
15277,103.0
15278,86.0
15279,86.0
15280,86.0
15281,86.0
15282,86.0
15283,86.0
15284,86.0
15285,86.0
15286,86.0
15287,86.0
15288,86.0
15289,86.0
15290,86.0
15291,86.0
15292,86.0
15293,86.0
15294,85.0
15295,86.0
15296,86.0
15297,86.0
15298,84.0
15299,84.0
15300,86.0
15301,86.0
15302,86.0
15303,86.0
15304,86.0
15305,86.0
15306,86.0
15307,86.0
15308,86.0
15309,86.0
15310,86.0
15311,86.0
15312,86.0
15313,86.0
15314,86.0
15315,83.0
15316,83.0
15317,84.0
15318,85.0
15319,85.0
15320,86.0
15321,86.0
15322,86.0
15323,86.0
15324,86.0
15325,86.0
15326,86.0
15327,86.0
15328,86.0
15329,86.0
15330,86.0
15331,86.0
15332,86.0
15333,86.0
15334,86.0
15335,86.0
15336,86.0
15337,86.0
15338,86.0
15339,86.0
15340,86.0
15341,86.0
15342,84.0
15343,84.0
15344,84.0
15345,86.0
15346,86.0
15347,163.0
15348,163.0
15349,163.0
15350,145.0
15351,130.0
15352,112.0
15353,163.0
15354,163.0
15355,149.0
15356,132.0
15357,116.0
15358,99.0
15359,86.0
15360,86.0
15361,86.0
15362,86.0
15363,82.0
15364,83.0
15365,85.0
15366,85.0
15367,85.0
15368,85.0
15369,85.0
15370,85.0
15371,85.0
15372,80.0
15373,82.0
15374,83.0
15375,84.0
15376,84.0
15377,85.0
15378,85.0
15379,86.0
15380,86.0
15381,86.0
15382,86.0
15383,85.0
15384,86.0
15385,84.0
15386,86.0
15387,86.0
15388,82.0
15389,83.0
15390,84.0
15391,84.0
15392,84.0
15393,158.0
15394,160.0
15395,94.0
15396,86.0
15397,84.0
15398,84.0
15399,84.0
15400,83.0
15401,84.0
15402,86.0
15403,86.0
15404,86.0
15405,86.0
15406,86.0
15407,86.0
15408,84.0
15409,84.0
15410,84.0
15411,83.0
15412,84.0
15413,84.0
15414,85.0
15415,86.0
15416,85.0
15417,85.0
15418,86.0
15419,89.0
15420,163.0
15421,163.0
15422,155.0
15423,143.0
15424,126.0
15425,109.0
15426,93.0
15427,86.0
15428,86.0
15429,86.0
15430,86.0
15431,86.0
15432,86.0
15433,86.0
15434,84.0
15435,86.0
15436,84.0
15437,84.0
15438,86.0
15439,86.0
15440,86.0
15441,86.0
15442,86.0
15443,86.0
15444,86.0
15445,86.0
15446,86.0
15447,86.0
15448,86.0
15449,86.0
15450,86.0
15451,86.0
15452,86.0
15453,86.0
15454,86.0
15455,86.0
15456,86.0
15457,86.0
15458,86.0
15459,84.0
15460,84.0
15461,86.0
15462,86.0
15463,86.0
15464,86.0
15465,86.0
15466,86.0
15467,86.0
15468,86.0
15469,86.0
15470,86.0
15471,86.0
15472,86.0
15473,86.0
15474,86.0
15475,86.0
15476,86.0
15477,86.0
15478,86.0
15479,86.0
15480,86.0
15481,86.0
15482,86.0
15483,86.0
15484,86.0
15485,86.0
15486,84.0
15487,84.0
15488,86.0
15489,86.0
15490,86.0
15491,86.0
15492,86.0
15493,86.0
15494,86.0
15495,86.0
15496,86.0
15497,86.0
15498,86.0
15499,86.0
15500,86.0
15501,86.0
15502,86.0
15503,86.0
15504,86.0
15505,86.0
15506,84.0
15507,84.0
15508,84.0
15509,80.0
15510,82.0
15511,86.0
15512,86.0
15513,86.0
15514,86.0
15515,86.0
15516,86.0
15517,86.0
15518,86.0
15519,86.0
15520,86.0
15521,86.0
15522,86.0
15523,86.0
15524,86.0
15525,86.0
15526,89.0
15527,89.0
15528,86.0
15529,86.0
15530,87.0
15531,84.0
15532,85.0
15533,84.0
15534,83.0
15535,84.0
15536,86.0
15537,86.0
15538,86.0
15539,86.0
15540,86.0
15541,86.0
15542,86.0
15543,86.0
15544,86.0
15545,86.0
15546,86.0
15547,86.0
15548,86.0
15549,86.0
15550,89.0
15551,91.0
15552,91.0
15553,91.0
15554,91.0
15555,86.0
15556,86.0
15557,86.0
15558,86.0
15559,86.0
15560,82.0
15561,83.0
15562,84.0
15563,83.0
15564,83.0
15565,84.0
15566,86.0
15567,86.0
15568,86.0
15569,86.0
15570,85.0
15571,86.0
15572,86.0
15573,86.0
15574,88.0
15575,91.0
15576,91.0
15577,91.0
15578,89.0
15579,86.0
15580,86.0
15581,86.0
15582,86.0
15583,84.0
15584,86.0
15585,86.0
15586,86.0
15587,86.0
15588,86.0
15589,86.0
15590,86.0
15591,86.0
15592,86.0
15593,86.0
15594,86.0
15595,86.0
15596,86.0
15597,91.0
15598,91.0
15599,91.0
15600,91.0
15601,91.0
15602,91.0
15603,86.0
15604,86.0
15605,86.0
15606,86.0
15607,82.0
15608,83.0
15609,86.0
15610,86.0
15611,86.0
15612,86.0
15613,86.0
15614,86.0
15615,86.0
15616,86.0
15617,86.0
15618,86.0
15619,86.0
15620,91.0
15621,91.0
15622,91.0
15623,91.0
15624,91.0
15625,91.0
15626,91.0
15627,91.0
15628,91.0
15629,92.0
15630,84.0
15631,84.0
15632,86.0
15633,86.0
15634,86.0
15635,86.0
15636,83.0
15637,84.0
15638,86.0
15639,86.0
15640,86.0
15641,86.0
15642,86.0
15643,86.0
15644,87.0
15645,91.0
15646,91.0
15647,91.0
15648,91.0
15649,91.0
15650,91.0
15651,91.0
15652,91.0
15653,91.0
15654,86.0
15655,86.0
15656,86.0
15657,87.0
15658,86.0
15659,86.0
15660,86.0
15661,86.0
15662,86.0
15663,86.0
15664,86.0
15665,85.0
15666,86.0
15667,86.0
15668,86.0
15669,91.0
15670,91.0
15671,91.0
15672,91.0
15673,91.0
15674,92.0
15675,81.0
15676,82.0
15677,80.0
15678,82.0
15679,85.0
15680,86.0
15681,84.0
15682,85.0
15683,86.0
15684,85.0
15685,86.0
15686,86.0
15687,86.0
15688,86.0
15689,86.0
15690,86.0
15691,86.0
15692,91.0
15693,91.0
15694,91.0
15695,91.0
15696,91.0
15697,91.0
15698,91.0
15699,86.0
15700,86.0
15701,86.0
15702,86.0
15703,86.0
15704,86.0
15705,86.0
15706,86.0
15707,86.0
15708,86.0
15709,86.0
15710,86.0
15711,86.0
15712,86.0
15713,86.0
15714,86.0
15715,86.0
15716,86.0
15717,86.0
15718,88.0
15719,87.0
15720,88.0
15721,87.0
15722,90.0
15723,86.0
15724,86.0
15725,84.0
15726,83.0
15727,85.0
15728,86.0
15729,86.0
15730,86.0
15731,159.0
15732,161.0
15733,163.0
15734,163.0
15735,159.0
15736,86.0
15737,86.0
15738,86.0
15739,86.0
15740,86.0
15741,86.0
15742,86.0
15743,86.0
15744,86.0
15745,86.0
15746,86.0
15747,86.0
15748,86.0
15749,86.0
15750,86.0
15751,86.0
15752,86.0
15753,86.0
15754,86.0
15755,86.0
15756,86.0
15757,86.0
15758,86.0
15759,84.0
15760,86.0
15761,86.0
15762,86.0
15763,86.0
15764,91.0
15765,91.0
15766,91.0
15767,91.0
15768,91.0
15769,91.0
15770,86.0
15771,86.0
15772,82.0
15773,83.0
15774,80.0
15775,82.0
15776,83.0
15777,84.0
15778,83.0
15779,82.0
15780,82.0
15781,82.0
15782,84.0
15783,84.0
15784,82.0
15785,84.0
15786,84.0
15787,84.0
15788,91.0
15789,92.0
15790,91.0
15791,91.0
15792,91.0
15793,91.0
15794,91.0
15795,91.0
15796,91.0
15797,86.0
15798,86.0
15799,86.0
15800,86.0
15801,85.0
15802,86.0
15803,86.0
15804,86.0
15805,86.0
15806,86.0
15807,86.0
15808,86.0
15809,86.0
15810,86.0
15811,86.0
15812,91.0
15813,91.0
15814,91.0
15815,91.0
15816,91.0
15817,91.0
15818,91.0
15819,91.0
15820,91.0
15821,91.0
15822,91.0
15823,92.0
15824,91.0
15825,88.0
15826,91.0
15827,91.0
15828,91.0
15829,89.0
15830,84.0
15831,86.0
15832,86.0
15833,86.0
15834,86.0
15835,91.0
15836,85.0
15837,91.0
15838,91.0
15839,91.0
15840,91.0
15841,91.0
15842,91.0
15843,86.0
15844,86.0
15845,84.0
15846,86.0
15847,85.0
15848,85.0
15849,85.0
15850,83.0
15851,80.0
15852,80.0
15853,82.0
15854,82.0
15855,84.0
15856,84.0
15857,86.0
15858,85.0
15859,86.0
15860,86.0
15861,86.0
15862,86.0
15863,91.0
15864,91.0
15865,91.0
15866,91.0
15867,86.0
15868,86.0
15869,84.0
15870,84.0
15871,83.0
15872,84.0
15873,84.0
15874,84.0
15875,85.0
15876,86.0
15877,86.0
15878,86.0
15879,86.0
15880,86.0
15881,86.0
15882,86.0
15883,86.0
15884,86.0
15885,91.0
15886,91.0
15887,91.0
15888,91.0
15889,91.0
15890,91.0
15891,86.0
15892,86.0
15893,86.0
15894,86.0
15895,83.0
15896,83.0
15897,80.0
15898,80.0
15899,82.0
15900,78.0
15901,79.0
15902,78.0
15903,78.0
15904,84.0
15905,85.0
15906,86.0
15907,86.0
15908,86.0
15909,86.0
15910,91.0
15911,91.0
15912,86.0
15913,86.0
15914,86.0
15915,86.0
15916,86.0
15917,86.0
15918,86.0
15919,85.0
15920,84.0
15921,84.0
15922,80.0
15923,81.0
15924,82.0
15925,86.0
15926,86.0
15927,86.0
15928,84.0
15929,86.0
15930,84.0
15931,86.0
15932,86.0
15933,89.0
15934,91.0
15935,91.0
15936,86.0
15937,91.0
15938,86.0
15939,86.0
15940,86.0
15941,86.0
15942,84.0
15943,84.0
15944,84.0
15945,83.0
15946,84.0
15947,84.0
15948,82.0
15949,82.0
15950,82.0
15951,84.0
15952,86.0
15953,86.0
15954,86.0
15955,91.0
15956,91.0
15957,91.0
15958,91.0
15959,91.0
15960,91.0
15961,91.0
15962,91.0
15963,91.0
15964,92.0
15965,86.0
15966,84.0
15967,87.0
15968,87.0
15969,87.0
15970,91.0
15971,91.0
15972,87.0
15973,88.0
15974,86.0
15975,86.0
15976,86.0
15977,86.0
15978,91.0
15979,91.0
15980,91.0
15981,91.0
15982,91.0
15983,91.0
15984,91.0
15985,91.0
15986,91.0
15987,91.0
15988,92.0
15989,91.0
15990,91.0
15991,91.0
15992,91.0
15993,91.0
15994,91.0
15995,91.0
15996,91.0
15997,91.0
15998,91.0
15999,91.0
16000,86.0
16001,86.0
16002,86.0
16003,86.0
16004,86.0
16005,91.0
16006,91.0
16007,91.0
16008,88.0
16009,89.0
16010,90.0
16011,86.0
16012,86.0
16013,84.0
16014,84.0
16015,86.0
16016,84.0
16017,84.0
16018,86.0
16019,86.0
16020,86.0
16021,85.0
16022,85.0
16023,85.0
16024,86.0
16025,86.0
16026,86.0
16027,86.0
16028,91.0
16029,91.0
16030,91.0
16031,91.0
16032,86.0
16033,86.0
16034,86.0
16035,86.0
16036,86.0
16037,86.0
16038,80.0
16039,82.0
16040,82.0
16041,82.0
16042,83.0
16043,81.0
16044,82.0
16045,84.0
16046,85.0
16047,86.0
16048,86.0
16049,86.0
16050,86.0
16051,86.0
16052,91.0
16053,91.0
16054,91.0
16055,91.0
16056,86.0
16057,86.0
16058,84.0
16059,86.0
16060,84.0
16061,84.0
16062,86.0
16063,86.0
16064,86.0
16065,86.0
16066,86.0
16067,86.0
16068,86.0
16069,83.0
16070,83.0
16071,83.0
16072,84.0
16073,86.0
16074,86.0
16075,86.0
16076,86.0
16077,86.0
16078,91.0
16079,91.0
16080,86.0
16081,86.0
16082,86.0
16083,84.0
16084,85.0
16085,85.0
16086,85.0
16087,84.0
16088,84.0
16089,84.0
16090,84.0
16091,84.0
16092,85.0
16093,86.0
16094,86.0
16095,86.0
16096,86.0
16097,86.0
16098,86.0
16099,86.0
16100,86.0
16101,91.0
16102,91.0
16103,91.0
16104,86.0
16105,86.0
16106,86.0
16107,84.0
16108,85.0
16109,85.0
16110,85.0
16111,85.0
16112,85.0
16113,80.0
16114,82.0
16115,84.0
16116,84.0
16117,84.0
16118,84.0
16119,84.0
16120,84.0
16121,84.0
16122,84.0
16123,85.0
16124,92.0
16125,92.0
16126,92.0
16127,92.0
16128,85.0
16129,85.0
16130,85.0
16131,83.0
16132,84.0
16133,85.0
16134,85.0
16135,85.0
16136,85.0
16137,85.0
16138,85.0
16139,85.0
16140,85.0
16141,85.0
16142,85.0
16143,85.0
16144,85.0
16145,85.0
16146,85.0
16147,86.0
16148,91.0
16149,91.0
16150,91.0
16151,91.0
16152,86.0
16153,86.0
16154,86.0
16155,86.0
16156,86.0
16157,86.0
16158,86.0
16159,86.0
16160,86.0
16161,86.0
16162,86.0
16163,86.0
16164,86.0
16165,86.0
16166,86.0
16167,86.0
16168,86.0
16169,86.0
16170,86.0
16171,86.0
16172,86.0
16173,91.0
16174,91.0
16175,91.0
16176,86.0
16177,86.0
16178,86.0
16179,86.0
16180,86.0
16181,86.0
16182,84.0
16183,84.0
16184,85.0
16185,85.0
16186,85.0
16187,82.0
16188,84.0
16189,78.0
16190,79.0
16191,79.0
16192,81.0
16193,81.0
16194,82.0
16195,83.0
16196,86.0
16197,86.0
16198,91.0
16199,91.0
16200,86.0
16201,86.0
16202,86.0
16203,83.0
16204,81.0
16205,82.0
16206,83.0
16207,82.0
16208,136.0
16209,136.0
16210,136.0
16211,136.0
16212,134.0
16213,119.0
16214,105.0
16215,92.0
16216,84.0
16217,84.0
16218,84.0
16219,84.0
16220,85.0
16221,85.0
16222,85.0
16223,92.0
16224,85.0
16225,85.0
16226,85.0
16227,85.0
16228,85.0
16229,84.0
16230,81.0
16231,83.0
16232,160.0
16233,159.0
16234,159.0
16235,159.0
16236,159.0
16237,143.0
16238,128.0
16239,112.0
16240,96.0
16241,84.0
16242,86.0
16243,86.0
16244,86.0
16245,86.0
16246,86.0
16247,86.0
16248,86.0
16249,86.0
16250,84.0
16251,79.0
16252,80.0
16253,80.0
16254,82.0
16255,79.0
16256,79.0
16257,79.0
16258,155.0
16259,155.0
16260,143.0
16261,126.0
16262,111.0
16263,93.0
16264,79.0
16265,80.0
16266,84.0
16267,86.0
16268,86.0
16269,86.0
16270,86.0
16271,86.0
16272,86.0
16273,86.0
16274,86.0
16275,84.0
16276,86.0
16277,85.0
16278,82.0
16279,82.0
16280,82.0
16281,82.0
16282,82.0
16283,82.0
16284,82.0
16285,83.0
16286,83.0
16287,84.0
16288,84.0
16289,84.0
16290,84.0
16291,86.0
16292,86.0
16293,86.0
16294,86.0
16295,86.0
16296,86.0
16297,86.0
16298,86.0
16299,84.0
16300,85.0
16301,86.0
16302,86.0
16303,86.0
16304,86.0
16305,86.0
16306,86.0
16307,86.0
16308,86.0
16309,86.0
16310,86.0
16311,86.0
16312,86.0
16313,86.0
16314,86.0
16315,86.0
16316,86.0
16317,86.0
16318,86.0
16319,86.0
16320,86.0
16321,86.0
16322,86.0
16323,84.0
16324,83.0
16325,84.0
16326,84.0
16327,84.0
16328,84.0
16329,84.0
16330,84.0
16331,84.0
16332,84.0
16333,84.0
16334,84.0
16335,84.0
16336,84.0
16337,84.0
16338,84.0
16339,84.0
16340,85.0
16341,85.0
16342,85.0
16343,86.0
16344,86.0
16345,86.0
16346,86.0
16347,86.0
16348,86.0
16349,82.0
16350,83.0
16351,82.0
16352,156.0
16353,155.0
16354,151.0
16355,78.0
16356,78.0
16357,78.0
16358,79.0
16359,80.0
16360,83.0
16361,84.0
16362,84.0
16363,86.0
16364,86.0
16365,86.0
16366,86.0
16367,86.0
16368,86.0
16369,86.0
16370,86.0
16371,86.0
16372,86.0
16373,82.0
16374,80.0
16375,79.0
16376,79.0
16377,79.0
16378,80.0
16379,78.0
16380,81.0
16381,81.0
16382,80.0
16383,81.0
16384,81.0
16385,82.0
16386,84.0
16387,86.0
16388,86.0
16389,86.0
16390,86.0
16391,86.0
16392,86.0
16393,86.0
16394,84.0
16395,84.0
16396,84.0
16397,83.0
16398,82.0
16399,82.0
16400,82.0
16401,82.0
16402,82.0
16403,82.0
16404,82.0
16405,82.0
16406,78.0
16407,80.0
16408,80.0
16409,84.0
16410,84.0
16411,85.0
16412,85.0
16413,86.0
16414,86.0
16415,86.0
16416,86.0
16417,86.0
16418,86.0
16419,83.0
16420,84.0
16421,85.0
16422,85.0
16423,83.0
16424,84.0
16425,84.0
16426,84.0
16427,84.0
16428,86.0
16429,86.0
16430,85.0
16431,85.0
16432,86.0
16433,86.0
16434,86.0
16435,86.0
16436,86.0
16437,86.0
16438,86.0
16439,86.0
16440,86.0
16441,86.0
16442,86.0
16443,86.0
16444,83.0
16445,84.0
16446,83.0
16447,82.0
16448,82.0
16449,82.0
16450,159.0
16451,120.0
16452,99.0
16453,84.0
16454,84.0
16455,84.0
16456,86.0
16457,186.0
16458,111.0
16459,93.0
16460,86.0
16461,86.0
16462,86.0
16463,86.0
16464,86.0
16465,86.0
16466,86.0
16467,86.0
16468,84.0
16469,83.0
16470,84.0
16471,86.0
16472,86.0
16473,86.0
16474,86.0
16475,86.0
16476,86.0
16477,86.0
16478,86.0
16479,86.0
16480,86.0
16481,86.0
16482,86.0
16483,86.0
16484,86.0
16485,86.0
16486,86.0
16487,86.0
16488,86.0
16489,86.0
16490,86.0
16491,86.0
16492,84.0
16493,84.0
16494,84.0
16495,84.0
16496,84.0
16497,84.0
16498,84.0
16499,84.0
16500,84.0
16501,84.0
16502,84.0
16503,84.0
16504,84.0
16505,84.0
16506,84.0
16507,84.0
16508,85.0
16509,86.0
16510,86.0
16511,86.0
16512,86.0
16513,86.0
16514,86.0
16515,83.0
16516,79.0
16517,78.0
16518,81.0
16519,78.0
16520,80.0
16521,80.0
16522,78.0
16523,79.0
16524,81.0
16525,83.0
16526,82.0
16527,83.0
16528,84.0
16529,84.0
16530,84.0
16531,84.0
16532,85.0
16533,85.0
16534,85.0
16535,85.0
16536,85.0
16537,85.0
16538,85.0
16539,85.0
16540,85.0
16541,83.0
16542,82.0
16543,82.0
16544,140.0
16545,140.0
16546,140.0
16547,139.0
16548,141.0
16549,140.0
16550,125.0
16551,111.0
16552,97.0
16553,86.0
16554,86.0
16555,86.0
16556,86.0
16557,86.0
16558,86.0
16559,86.0
16560,86.0
16561,86.0
16562,86.0
16563,86.0
16564,84.0
16565,86.0
16566,85.0
16567,78.0
16568,78.0
16569,155.0
16570,159.0
16571,161.0
16572,159.0
16573,143.0
16574,126.0
16575,112.0
16576,157.0
16577,126.0
16578,124.0
16579,124.0
16580,124.0
16581,124.0
16582,124.0
16583,124.0
16584,124.0
16585,124.0
16586,124.0
16587,124.0
16588,124.0
16589,123.0
16590,238.0
16591,175.0
16592,124.0
16593,124.0
16594,211.0
16595,194.0
16596,181.0
16597,161.0
16598,133.0
16599,113.0
16600,98.0
16601,84.0
16602,84.0
16603,84.0
16604,84.0
16605,84.0
16606,84.0
16607,84.0
16608,85.0
16609,85.0
16610,85.0
16611,83.0
16612,84.0
16613,85.0
16614,85.0
16615,85.0
16616,85.0
16617,84.0
16618,85.0
16619,84.0
16620,85.0
16621,84.0
16622,86.0
16623,86.0
16624,86.0
16625,86.0
16626,86.0
16627,86.0
16628,86.0
16629,86.0
16630,86.0
16631,86.0
16632,86.0
16633,86.0
16634,86.0
16635,84.0
16636,83.0
16637,84.0
16638,86.0
16639,86.0
16640,86.0
16641,86.0
16642,86.0
16643,86.0
16644,86.0
16645,86.0
16646,86.0
16647,86.0
16648,86.0
16649,86.0
16650,86.0
16651,86.0
16652,86.0
16653,86.0
16654,86.0
16655,86.0
16656,86.0
16657,86.0
16658,86.0
16659,84.0
16660,83.0
16661,85.0
16662,86.0
16663,86.0
16664,86.0
16665,86.0
16666,86.0
16667,86.0
16668,86.0
16669,86.0
16670,86.0
16671,86.0
16672,84.0
16673,85.0
16674,86.0
16675,86.0
16676,86.0
16677,86.0
16678,86.0
16679,86.0
16680,86.0
16681,86.0
16682,86.0
16683,84.0
16684,83.0
16685,84.0
16686,86.0
16687,86.0
16688,86.0
16689,84.0
16690,85.0
16691,82.0
16692,82.0
16693,160.0
16694,161.0
16695,163.0
16696,155.0
16697,138.0
16698,122.0
16699,105.0
16700,88.0
16701,86.0
16702,86.0
16703,86.0
16704,86.0
16705,86.0
16706,84.0
16707,86.0
16708,86.0
16709,84.0
16710,85.0
16711,86.0
16712,86.0
16713,85.0
16714,84.0
16715,84.0
16716,84.0
16717,86.0
16718,84.0
16719,83.0
16720,84.0
16721,84.0
16722,86.0
16723,86.0
16724,86.0
16725,86.0
16726,86.0
16727,86.0
16728,86.0
16729,86.0
16730,86.0
16731,86.0
16732,84.0
16733,84.0
16734,84.0
16735,160.0
16736,160.0
16737,83.0
16738,82.0
16739,82.0
16740,83.0
16741,83.0
16742,83.0
16743,80.0
16744,81.0
16745,82.0
16746,83.0
16747,84.0
16748,84.0
16749,84.0
16750,85.0
16751,85.0
16752,85.0
16753,85.0
16754,85.0
16755,83.0
16756,85.0
16757,86.0
16758,86.0
16759,79.0
16760,82.0
16761,82.0
16762,161.0
16763,158.0
16764,161.0
16765,158.0
16766,87.0
16767,83.0
16768,84.0
16769,86.0
16770,86.0
16771,86.0
16772,86.0
16773,86.0
16774,86.0
16775,86.0
16776,86.0
16777,86.0
16778,86.0
16779,84.0
16780,84.0
16781,84.0
16782,84.0
16783,84.0
16784,84.0
16785,85.0
16786,84.0
16787,84.0
16788,84.0
16789,84.0
16790,85.0
16791,85.0
16792,86.0
16793,86.0
16794,86.0
16795,86.0
16796,86.0
16797,86.0
16798,86.0
16799,86.0
16800,86.0
16801,86.0
16802,86.0
16803,86.0
16804,86.0
16805,86.0
16806,84.0
16807,85.0
16808,86.0
16809,86.0
16810,86.0
16811,86.0
16812,86.0
16813,86.0
16814,86.0
16815,86.0
16816,86.0
16817,86.0
16818,86.0
16819,86.0
16820,86.0
16821,86.0
16822,86.0
16823,86.0
16824,86.0
16825,86.0
16826,86.0
16827,86.0
16828,86.0
16829,86.0
16830,86.0
16831,86.0
16832,86.0
16833,86.0
16834,86.0
16835,86.0
16836,86.0
16837,86.0
16838,86.0
16839,86.0
16840,86.0
16841,86.0
16842,86.0
16843,86.0
16844,86.0
16845,86.0
16846,86.0
16847,86.0
16848,86.0
16849,86.0
16850,86.0
16851,86.0
16852,86.0
16853,86.0
16854,84.0
16855,84.0
16856,84.0
16857,84.0
16858,84.0
16859,84.0
16860,84.0
16861,84.0
16862,84.0
16863,84.0
16864,86.0
16865,86.0
16866,86.0
16867,86.0
16868,86.0
16869,86.0
16870,86.0
16871,86.0
16872,86.0
16873,86.0
16874,86.0
16875,84.0
16876,83.0
16877,84.0
16878,84.0
16879,78.0
16880,78.0
16881,78.0
16882,78.0
16883,78.0
16884,81.0
16885,79.0
16886,82.0
16887,83.0
16888,84.0
16889,83.0
16890,84.0
16891,86.0
16892,86.0
16893,86.0
16894,86.0
16895,86.0
16896,86.0
16897,86.0
16898,86.0
16899,84.0
16900,79.0
16901,78.0
16902,78.0
16903,78.0
16904,78.0
16905,78.0
16906,78.0
16907,79.0
16908,82.0
16909,160.0
16910,161.0
16911,84.0
16912,86.0
16913,86.0
16914,86.0
16915,86.0
16916,86.0
16917,86.0
16918,86.0
16919,86.0
16920,86.0
16921,86.0
16922,86.0
16923,84.0
16924,83.0
16925,82.0
16926,82.0
16927,80.0
16928,82.0
16929,78.0
16930,78.0
16931,78.0
16932,80.0
16933,82.0
16934,83.0
16935,84.0
16936,86.0
16937,86.0
16938,86.0
16939,86.0
16940,86.0
16941,86.0
16942,86.0
16943,86.0
16944,86.0
16945,86.0
16946,86.0
16947,86.0
16948,84.0
16949,81.0
16950,82.0
16951,86.0
16952,82.0
16953,84.0
16954,84.0
16955,84.0
16956,84.0
16957,84.0
16958,84.0
16959,84.0
16960,86.0
16961,86.0
16962,85.0
16963,86.0
16964,86.0
16965,86.0
16966,86.0
16967,86.0
16968,86.0
16969,86.0
16970,86.0
16971,84.0
16972,86.0
16973,84.0
16974,86.0
16975,86.0
16976,86.0
16977,86.0
16978,86.0
16979,86.0
16980,86.0
16981,86.0
16982,86.0
16983,86.0
16984,86.0
16985,86.0
16986,86.0
16987,86.0
16988,86.0
16989,86.0
16990,86.0
16991,86.0
16992,85.0
16993,86.0
16994,86.0
16995,83.0
16996,86.0
16997,84.0
16998,82.0
16999,82.0
17000,82.0
17001,82.0
17002,80.0
17003,82.0
17004,82.0
17005,82.0
17006,82.0
17007,82.0
17008,82.0
17009,82.0
17010,79.0
17011,80.0
17012,83.0
17013,83.0
17014,83.0
17015,83.0
17016,83.0
17017,83.0
17018,83.0
17019,83.0
17020,76.0
17021,78.0
17022,82.0
17023,82.0
17024,80.0
17025,79.0
17026,79.0
17027,78.0
17028,78.0
17029,77.0
17030,77.0
17031,78.0
17032,80.0
17033,83.0
17034,83.0
17035,83.0
17036,83.0
17037,83.0
17038,83.0
17039,83.0
17040,83.0
17041,83.0
17042,83.0
17043,83.0
17044,83.0
17045,83.0
17046,79.0
17047,78.0
17048,77.0
17049,78.0
17050,78.0
17051,78.0
17052,78.0
17053,78.0
17054,78.0
17055,78.0
17056,79.0
17057,81.0
17058,82.0
17059,82.0
17060,83.0
17061,83.0
17062,79.0
17063,80.0
17064,81.0
17065,83.0
17066,82.0
17067,82.0
17068,83.0
17069,79.0
17070,78.0
17071,76.0
17072,76.0
17073,76.0
17074,78.0
17075,79.0
17076,79.0
17077,79.0
17078,76.0
17079,78.0
17080,79.0
17081,79.0
17082,80.0
17083,80.0
17084,80.0
17085,82.0
17086,82.0
17087,82.0
17088,83.0
17089,83.0
17090,82.0
17091,79.0
17092,79.0
17093,79.0
17094,79.0
17095,78.0
17096,78.0
17097,78.0
17098,186.0
17099,155.0
17100,156.0
17101,146.0
17102,130.0
17103,109.0
17104,99.0
17105,82.0
17106,82.0
17107,82.0
17108,82.0
17109,82.0
17110,82.0
17111,82.0
17112,82.0
17113,82.0
17114,80.0
17115,76.0
17116,76.0
17117,76.0
17118,76.0
17119,76.0
17120,76.0
17121,76.0
17122,76.0
17123,76.0
17124,76.0
17125,76.0
17126,76.0
17127,76.0
17128,76.0
17129,76.0
17130,76.0
17131,76.0
17132,77.0
17133,79.0
17134,82.0
17135,82.0
17136,82.0
17137,82.0
17138,82.0
17139,81.0
17140,82.0
17141,80.0
17142,82.0
17143,82.0
17144,82.0
17145,82.0
17146,82.0
17147,82.0
17148,82.0
17149,82.0
17150,82.0
17151,82.0
17152,82.0
17153,82.0
17154,82.0
17155,82.0
17156,82.0
17157,82.0
17158,82.0
17159,82.0
17160,82.0
17161,82.0
17162,82.0
17163,82.0
17164,82.0
17165,82.0
17166,82.0
17167,82.0
17168,82.0
17169,82.0
17170,82.0
17171,82.0
17172,82.0
17173,82.0
17174,82.0
17175,82.0
17176,82.0
17177,82.0
17178,82.0
17179,82.0
17180,82.0
17181,82.0
17182,82.0
17183,82.0
17184,82.0
17185,82.0
17186,80.0
17187,80.0
17188,76.0
17189,76.0
17190,76.0
17191,76.0
17192,76.0
17193,76.0
17194,76.0
17195,76.0
17196,76.0
17197,76.0
17198,76.0
17199,76.0
17200,76.0
17201,76.0
17202,76.0
17203,76.0
17204,78.0
17205,80.0
17206,82.0
17207,82.0
17208,82.0
17209,82.0
17210,82.0
17211,80.0
17212,81.0
17213,81.0
17214,81.0
17215,81.0
17216,81.0
17217,81.0
17218,76.0
17219,76.0
17220,76.0
17221,81.0
17222,82.0
17223,82.0
17224,82.0
17225,82.0
17226,82.0
17227,80.0
17228,79.0
17229,81.0
17230,82.0
17231,82.0
17232,82.0
17233,82.0
17234,80.0
17235,80.0
17236,80.0
17237,80.0
17238,80.0
17239,77.0
17240,78.0
17241,78.0
17242,78.0
17243,78.0
17244,79.0
17245,79.0
17246,80.0
17247,159.0
17248,159.0
17249,160.0
17250,152.0
17251,132.0
17252,118.0
17253,102.0
17254,87.0
17255,83.0
17256,83.0
17257,83.0
17258,82.0
17259,79.0
17260,76.0
17261,76.0
17262,76.0
17263,76.0
17264,153.0
17265,153.0
17266,153.0
17267,155.0
17268,155.0
17269,156.0
17270,153.0
17271,153.0
17272,153.0
17273,154.0
17274,155.0
17275,156.0
17276,160.0
17277,160.0
17278,160.0
17279,160.0
17280,159.0
17281,158.0
17282,157.0
17283,144.0
17284,127.0
17285,110.0
17286,90.0
17287,78.0
17288,156.0
17289,156.0
17290,140.0
17291,123.0
17292,106.0
17293,91.0
17294,80.0
17295,80.0
17296,81.0
17297,83.0
17298,83.0
17299,83.0
17300,83.0
17301,83.0
17302,83.0
17303,82.0
17304,82.0
17305,82.0
17306,82.0
17307,81.0
17308,82.0
17309,82.0
17310,79.0
17311,80.0
17312,80.0
17313,80.0
17314,80.0
17315,80.0
17316,80.0
17317,80.0
17318,80.0
17319,80.0
17320,80.0
17321,80.0
17322,82.0
17323,83.0
17324,83.0
17325,83.0
17326,83.0
17327,83.0
17328,83.0
17329,83.0
17330,82.0
17331,82.0
17332,82.0
17333,82.0
17334,83.0
17335,83.0
17336,83.0
17337,83.0
17338,83.0
17339,83.0
17340,83.0
17341,153.0
17342,159.0
17343,159.0
17344,159.0
17345,159.0
17346,159.0
17347,159.0
17348,159.0
17349,159.0
17350,159.0
17351,159.0
17352,159.0
17353,159.0
17354,159.0
17355,159.0
17356,159.0
17357,158.0
17358,153.0
17359,153.0
17360,153.0
17361,153.0
17362,153.0
17363,153.0
17364,154.0
17365,153.0
17366,155.0
17367,155.0
17368,156.0
17369,153.0
17370,153.0
17371,153.0
17372,154.0
17373,154.0
17374,159.0
17375,157.0
17376,157.0
17377,157.0
17378,157.0
17379,157.0
17380,157.0
17381,157.0
17382,156.0
17383,156.0
17384,156.0
17385,155.0
17386,156.0
17387,156.0
17388,156.0
17389,153.0
17390,155.0
17391,153.0
17392,154.0
17393,154.0
17394,154.0
17395,159.0
17396,159.0
17397,159.0
17398,159.0
17399,157.0
17400,157.0
17401,157.0
17402,157.0
17403,157.0
17404,157.0
17405,154.0
17406,153.0
17407,154.0
17408,153.0
17409,153.0
17410,153.0
17411,265.0
17412,232.0
17413,153.0
17414,157.0
17415,159.0
17416,153.0
17417,153.0
17418,153.0
17419,154.0
17420,154.0
17421,154.0
17422,153.0
17423,153.0
17424,153.0
17425,157.0
17426,156.0
17427,157.0
17428,148.0
17429,130.0
17430,117.0
17431,103.0
17432,87.0
17433,89.0
17434,163.0
17435,163.0
17436,241.0
17437,168.0
17438,233.0
17439,233.0
17440,222.0
17441,207.0
17442,191.0
17443,174.0
17444,168.0
17445,169.0
17446,170.0
17447,169.0
17448,167.0
17449,167.0
17450,167.0
17451,166.0
17452,167.0
17453,168.0
17454,172.0
17455,171.0
17456,171.0
17457,167.0
17458,163.0
17459,82.0
17460,76.0
17461,76.0
17462,78.0
17463,78.0
17464,80.0
17465,78.0
17466,79.0
17467,79.0
17468,82.0
17469,82.0
17470,82.0
17471,82.0
17472,82.0
17473,82.0
17474,81.0
17475,80.0
17476,80.0
17477,80.0
17478,80.0
17479,80.0
17480,80.0
17481,80.0
17482,80.0
17483,80.0
17484,80.0
17485,80.0
17486,80.0
17487,80.0
17488,80.0
17489,80.0
17490,82.0
17491,82.0
17492,81.0
17493,82.0
17494,82.0
17495,82.0
17496,82.0
17497,82.0
17498,82.0
17499,82.0
17500,82.0
17501,80.0
17502,80.0
17503,80.0
17504,80.0
17505,80.0
17506,80.0
17507,80.0
17508,80.0
17509,80.0
17510,80.0
17511,80.0
17512,80.0
17513,80.0
17514,80.0
17515,82.0
17516,82.0
17517,82.0
17518,83.0
17519,83.0
17520,83.0
17521,83.0
17522,83.0
17523,83.0
17524,81.0
17525,83.0
17526,83.0
17527,83.0
17528,82.0
17529,79.0
17530,81.0
17531,158.0
17532,159.0
17533,157.0
17534,146.0
17535,132.0
17536,115.0
17537,101.0
17538,84.0
17539,83.0
17540,83.0
17541,82.0
17542,82.0
17543,82.0
17544,82.0
17545,81.0
17546,81.0
17547,80.0
17548,80.0
17549,80.0
17550,82.0
17551,82.0
17552,81.0
17553,80.0
17554,156.0
17555,156.0
17556,156.0
17557,156.0
17558,141.0
17559,127.0
17560,109.0
17561,94.0
17562,81.0
17563,81.0
17564,82.0
17565,82.0
17566,82.0
17567,82.0
17568,82.0
17569,82.0
17570,82.0
17571,82.0
17572,82.0
17573,82.0
17574,82.0
17575,82.0
17576,159.0
17577,158.0
17578,158.0
17579,158.0
17580,158.0
17581,158.0
17582,158.0
17583,158.0
17584,159.0
17585,159.0
17586,159.0
17587,159.0
17588,159.0
17589,159.0
17590,159.0
17591,159.0
17592,158.0
17593,157.0
17594,158.0
17595,158.0
17596,155.0
17597,124.0
17598,88.0
17599,80.0
17600,158.0
17601,158.0
17602,138.0
17603,104.0
17604,81.0
17605,81.0
17606,82.0
17607,82.0
17608,82.0
17609,82.0
17610,82.0
17611,83.0
17612,83.0
17613,82.0
17614,82.0
17615,82.0
17616,83.0
17617,83.0
17618,83.0
17619,82.0
17620,82.0
17621,82.0
17622,86.0
17623,86.0
17624,168.0
17625,159.0
17626,82.0
17627,82.0
17628,83.0
17629,83.0
17630,82.0
17631,82.0
17632,83.0
17633,83.0
17634,83.0
17635,83.0
17636,83.0
17637,83.0
17638,83.0
17639,83.0
17640,83.0
17641,83.0
17642,83.0
17643,83.0
17644,83.0
17645,83.0
17646,83.0
17647,83.0
17648,83.0
17649,83.0
17650,83.0
17651,83.0
17652,83.0
17653,83.0
17654,83.0
17655,83.0
17656,83.0
17657,83.0
17658,83.0
17659,83.0
17660,83.0
17661,83.0
17662,83.0
17663,83.0
17664,83.0
17665,83.0
17666,83.0
17667,83.0
17668,83.0
17669,83.0
17670,83.0
17671,83.0
17672,83.0
17673,83.0
17674,83.0
17675,83.0
17676,83.0
17677,83.0
17678,83.0
17679,82.0
17680,82.0
17681,82.0
17682,83.0
17683,83.0
17684,83.0
17685,83.0
17686,81.0
17687,81.0
17688,81.0
17689,83.0
17690,83.0
17691,83.0
17692,83.0
17693,83.0
17694,83.0
17695,82.0
17696,82.0
17697,82.0
17698,82.0
17699,82.0
17700,83.0
17701,83.0
17702,83.0
17703,82.0
17704,82.0
17705,80.0
17706,80.0
17707,80.0
17708,80.0
17709,81.0
17710,80.0
17711,81.0
17712,80.0
17713,80.0
17714,81.0
17715,80.0
17716,80.0
17717,80.0
17718,80.0
17719,80.0
17720,80.0
17721,81.0
17722,81.0
17723,82.0
17724,82.0
17725,81.0
17726,80.0
17727,80.0
17728,80.0
17729,82.0
17730,82.0
17731,83.0
17732,83.0
17733,83.0
17734,83.0
17735,83.0
17736,83.0
17737,83.0
17738,83.0
17739,83.0
17740,80.0
17741,82.0
17742,83.0
17743,82.0
17744,157.0
17745,157.0
17746,156.0
17747,156.0
17748,156.0
17749,157.0
17750,156.0
17751,158.0
17752,159.0
17753,159.0
17754,159.0
17755,159.0
17756,159.0
17757,158.0
17758,158.0
17759,158.0
17760,157.0
17761,158.0
17762,158.0
17763,159.0
17764,150.0
17765,183.0
17766,165.0
17767,157.0
17768,157.0
17769,117.0
17770,100.0
17771,84.0
17772,119.0
17773,119.0
17774,115.0
17775,100.0
17776,86.0
17777,82.0
17778,82.0
17779,82.0
17780,82.0
17781,82.0
17782,82.0
17783,81.0
17784,80.0
17785,80.0
17786,80.0
17787,80.0
17788,80.0
17789,81.0
17790,81.0
17791,80.0
17792,80.0
17793,80.0
17794,80.0
17795,119.0
17796,119.0
17797,119.0
17798,119.0
17799,119.0
17800,119.0
17801,119.0
17802,119.0
17803,119.0
17804,119.0
17805,119.0
17806,119.0
17807,119.0
17808,119.0
17809,119.0
17810,119.0
17811,119.0
17812,119.0
17813,119.0
17814,119.0
17815,119.0
17816,119.0
17817,119.0
17818,119.0
17819,119.0
17820,119.0
17821,119.0
17822,119.0
17823,119.0
17824,119.0
17825,119.0
17826,119.0
17827,119.0
17828,119.0
17829,119.0
17830,119.0
17831,119.0
17832,119.0
17833,119.0
17834,119.0
17835,119.0
17836,119.0
17837,119.0
17838,119.0
17839,119.0
17840,119.0
17841,119.0
17842,119.0
17843,119.0
17844,119.0
17845,119.0
17846,119.0
17847,119.0
17848,119.0
17849,120.0
17850,120.0
17851,120.0
17852,120.0
17853,120.0
17854,120.0
17855,120.0
17856,120.0
17857,120.0
17858,120.0
17859,119.0
17860,120.0
17861,120.0
17862,120.0
17863,120.0
17864,119.0
17865,119.0
17866,119.0
17867,119.0
17868,119.0
17869,119.0
17870,120.0
17871,120.0
17872,120.0
17873,120.0
17874,120.0
17875,121.0
17876,120.0
17877,120.0
17878,119.0
17879,119.0
17880,119.0
17881,119.0
17882,120.0
17883,120.0
17884,120.0
17885,120.0
17886,120.0
17887,120.0
17888,120.0
17889,120.0
17890,120.0
17891,120.0
17892,120.0
17893,120.0
17894,120.0
17895,120.0
17896,120.0
17897,120.0
17898,120.0
17899,120.0
17900,120.0
17901,120.0
17902,120.0
17903,120.0
17904,118.0
17905,118.0
17906,118.0
17907,118.0
17908,118.0
17909,118.0
17910,114.0
17911,113.0
17912,111.0
17913,116.0
17914,119.0
17915,119.0
17916,116.0
17917,118.0
17918,118.0
17919,118.0
17920,118.0
17921,118.0
17922,118.0
17923,116.0
17924,117.0
17925,117.0
17926,116.0
17927,116.0
17928,116.0
17929,117.0
17930,117.0
17931,117.0
17932,115.0
17933,232.0
17934,238.0
17935,184.0
17936,168.0
17937,156.0
17938,155.0
17939,155.0
17940,155.0
17941,156.0
17942,156.0
17943,156.0
17944,156.0
17945,157.0
17946,155.0
17947,156.0
17948,156.0
17949,156.0
17950,156.0
17951,156.0
17952,156.0
17953,156.0
17954,156.0
17955,156.0
17956,156.0
17957,156.0
17958,156.0
17959,156.0
17960,156.0
17961,156.0
17962,156.0
17963,156.0
17964,156.0
17965,156.0
17966,310.0
17967,310.0
17968,308.0
17969,310.0
17970,311.0
17971,156.0
17972,156.0
17973,155.0
17974,156.0
17975,156.0
17976,157.0
17977,156.0
17978,156.0
17979,156.0
17980,156.0
17981,156.0
17982,156.0
17983,156.0
17984,156.0
17985,156.0
17986,156.0
17987,156.0
17988,156.0
17989,157.0
17990,157.0
17991,157.0
17992,156.0
17993,156.0
17994,156.0
17995,156.0
17996,156.0
17997,156.0
17998,157.0
17999,157.0
18000,157.0
18001,157.0
18002,156.0
18003,156.0
18004,156.0
18005,156.0
18006,156.0
18007,156.0
18008,156.0
18009,156.0
18010,157.0
18011,157.0
18012,156.0
18013,156.0
18014,156.0
18015,156.0
18016,156.0
18017,156.0
18018,156.0
18019,157.0
18020,156.0
18021,156.0
18022,156.0
18023,157.0
18024,157.0
18025,157.0
18026,157.0
18027,157.0
18028,157.0
18029,157.0
18030,157.0
18031,155.0
18032,156.0
18033,156.0
18034,156.0
18035,156.0
18036,156.0
18037,156.0
18038,156.0
18039,156.0
18040,156.0
18041,156.0
18042,156.0
18043,156.0
18044,156.0
18045,156.0
18046,156.0
18047,156.0
18048,156.0
18049,156.0
18050,156.0
18051,156.0
18052,156.0
18053,156.0
18054,153.0
18055,153.0
18056,156.0
18057,156.0
18058,156.0
18059,156.0
18060,156.0
18061,156.0
18062,156.0
18063,156.0
18064,156.0
18065,155.0
18066,156.0
18067,156.0
18068,156.0
18069,156.0
18070,156.0
18071,156.0
18072,156.0
18073,156.0
18074,156.0
18075,156.0
18076,156.0
18077,156.0
18078,156.0
18079,156.0
18080,156.0
18081,155.0
18082,155.0
18083,105.0
18084,89.0
18085,84.0
18086,82.0
18087,78.0
18088,78.0
18089,79.0
18090,79.0
18091,79.0
18092,79.0
18093,79.0
18094,79.0
18095,79.0
18096,79.0
18097,79.0
18098,79.0
18099,78.0
18100,78.0
18101,78.0
18102,78.0
18103,79.0
18104,83.0
18105,162.0
18106,156.0
18107,156.0
18108,100.0
18109,79.0
18110,79.0
18111,78.0
18112,78.0
18113,78.0
18114,78.0
18115,79.0
18116,79.0
18117,79.0
18118,79.0
18119,79.0
18120,79.0
18121,78.0
18122,78.0
18123,78.0
18124,78.0
18125,78.0
18126,78.0
18127,78.0
18128,78.0
18129,78.0
18130,78.0
18131,78.0
18132,78.0
18133,78.0
18134,78.0
18135,78.0
18136,79.0
18137,90.0
18138,92.0
18139,92.0
18140,92.0
18141,93.0
18142,93.0
18143,93.0
18144,93.0
18145,92.0
18146,92.0
18147,92.0
18148,92.0
18149,92.0
18150,92.0
18151,92.0
18152,92.0
18153,92.0
18154,92.0
18155,92.0
18156,92.0
18157,92.0
18158,92.0
18159,92.0
18160,92.0
18161,92.0
18162,92.0
18163,92.0
18164,92.0
18165,92.0
18166,92.0
18167,92.0
18168,92.0
18169,92.0
18170,92.0
18171,92.0
18172,92.0
18173,92.0
18174,92.0
18175,92.0
18176,92.0
18177,92.0
18178,92.0
18179,92.0
18180,92.0
18181,92.0
18182,92.0
18183,92.0
18184,92.0
18185,92.0
18186,92.0
18187,92.0
18188,92.0
18189,92.0
18190,92.0
18191,92.0
18192,92.0
18193,92.0
18194,92.0
18195,92.0
18196,93.0
18197,92.0
18198,92.0
18199,92.0
18200,80.0
18201,80.0
18202,81.0
18203,80.0
18204,79.0
18205,79.0
18206,79.0
18207,79.0
18208,82.0
18209,92.0
18210,91.0
18211,92.0
18212,92.0
18213,92.0
18214,92.0
18215,92.0
18216,91.0
18217,91.0
18218,92.0
18219,92.0
18220,91.0
18221,91.0
18222,91.0
18223,92.0
18224,91.0
18225,91.0
18226,82.0
18227,82.0
18228,82.0
18229,91.0
18230,92.0
18231,92.0
18232,92.0
18233,91.0
18234,91.0
18235,92.0
18236,92.0
18237,92.0
18238,92.0
18239,92.0
18240,92.0
18241,92.0
18242,92.0
18243,92.0
18244,92.0
18245,93.0
18246,92.0
18247,92.0
18248,92.0
18249,87.0
18250,82.0
18251,82.0
18252,82.0
18253,82.0
18254,82.0
18255,82.0
18256,82.0
18257,82.0
18258,91.0
18259,92.0
18260,92.0
18261,92.0
18262,92.0
18263,92.0
18264,91.0
18265,91.0
18266,91.0
18267,92.0
18268,92.0
18269,84.0
18270,84.0
18271,84.0
18272,84.0
18273,82.0
18274,84.0
18275,86.0
18276,82.0
18277,82.0
18278,81.0
18279,82.0
18280,92.0
18281,92.0
18282,92.0
18283,92.0
18284,91.0
18285,91.0
18286,91.0
18287,91.0
18288,91.0
18289,91.0
18290,91.0
18291,91.0
18292,82.0
18293,82.0
18294,91.0
18295,91.0
18296,91.0
18297,92.0
18298,92.0
18299,92.0
18300,91.0
18301,91.0
18302,91.0
18303,92.0
18304,92.0
18305,92.0
18306,92.0
18307,92.0
18308,92.0
18309,92.0
18310,92.0
18311,91.0
18312,91.0
18313,91.0
18314,91.0
18315,91.0
18316,91.0
18317,96.0
18318,91.0
18319,91.0
18320,91.0
18321,91.0
18322,91.0
18323,91.0
18324,91.0
18325,91.0
18326,91.0
18327,91.0
18328,91.0
18329,92.0
18330,92.0
18331,91.0
18332,91.0
18333,91.0
18334,91.0
18335,91.0
18336,91.0
18337,91.0
18338,91.0
18339,91.0
18340,91.0
18341,91.0
18342,91.0
18343,91.0
18344,92.0
18345,92.0
18346,91.0
18347,92.0
18348,92.0
18349,92.0
18350,92.0
18351,92.0
18352,91.0
18353,92.0
18354,92.0
18355,92.0
18356,92.0
18357,91.0
18358,92.0
18359,92.0
18360,92.0
18361,92.0
18362,92.0
18363,92.0
18364,92.0
18365,94.0
18366,94.0
18367,94.0
18368,94.0
18369,94.0
18370,94.0
18371,92.0
18372,92.0
18373,92.0
18374,92.0
18375,92.0
18376,91.0
18377,91.0
18378,92.0
18379,92.0
18380,92.0
18381,92.0
18382,92.0
18383,91.0
18384,91.0
18385,91.0
18386,92.0
18387,93.0
18388,93.0
18389,92.0
18390,92.0
18391,92.0
18392,93.0
18393,92.0
18394,92.0
18395,92.0
18396,92.0
18397,91.0
18398,91.0
18399,92.0
18400,92.0
18401,92.0
18402,91.0
18403,92.0
18404,92.0
18405,92.0
18406,92.0
18407,92.0
18408,92.0
18409,92.0
18410,92.0
18411,92.0
18412,93.0
18413,92.0
18414,92.0
18415,92.0
18416,92.0
18417,93.0
18418,93.0
18419,97.0
18420,97.0
18421,152.0
18422,107.0
18423,93.0
18424,93.0
18425,92.0
18426,92.0
18427,92.0
18428,91.0
18429,92.0
18430,92.0
18431,91.0
18432,91.0
18433,91.0
18434,91.0
18435,91.0
18436,91.0
18437,92.0
18438,93.0
18439,92.0
18440,92.0
18441,93.0
18442,121.0
18443,234.0
18444,215.0
18445,187.0
18446,184.0
18447,170.0
18448,145.0
18449,123.0
18450,107.0
18451,93.0
18452,92.0
18453,92.0
18454,92.0
18455,92.0
18456,92.0
18457,92.0
18458,92.0
18459,92.0
18460,93.0
18461,93.0
18462,93.0
18463,107.0
18464,121.0
18465,121.0
18466,121.0
18467,188.0
18468,124.0
18469,95.0
18470,95.0
18471,95.0
18472,95.0
18473,95.0
18474,95.0
18475,95.0
18476,95.0
18477,95.0
18478,95.0
18479,95.0
18480,94.0
18481,94.0
18482,94.0
18483,94.0
18484,94.0
18485,94.0
18486,94.0
18487,94.0
18488,94.0
18489,94.0
18490,94.0
18491,94.0
18492,94.0
18493,94.0
18494,94.0
18495,94.0
18496,94.0
18497,94.0
18498,94.0
18499,94.0
18500,94.0
18501,94.0
18502,94.0
18503,94.0
18504,94.0
18505,94.0
18506,94.0
18507,94.0
18508,94.0
18509,94.0
18510,94.0
18511,94.0
18512,94.0
18513,94.0
18514,94.0
18515,94.0
18516,94.0
18517,94.0
18518,94.0
18519,78.0
18520,78.0
18521,78.0
18522,78.0
18523,78.0
18524,78.0
18525,78.0
18526,78.0
18527,78.0
18528,78.0
18529,78.0
18530,78.0
18531,78.0
18532,78.0
18533,78.0
18534,78.0
18535,78.0
18536,78.0
18537,78.0
18538,78.0
18539,78.0
18540,78.0
18541,78.0
18542,78.0
18543,78.0
18544,78.0
18545,78.0
18546,78.0
18547,78.0
18548,78.0
18549,78.0
18550,78.0
18551,78.0
18552,78.0
18553,78.0
18554,78.0
18555,78.0
18556,78.0
18557,78.0
18558,78.0
18559,82.0
18560,78.0
18561,96.0
18562,155.0
18563,213.0
18564,155.0
18565,150.0
18566,138.0
18567,159.0
18568,159.0
18569,163.0
18570,148.0
18571,130.0
18572,113.0
18573,98.0
18574,80.0
18575,78.0
18576,78.0
18577,78.0
18578,78.0
18579,78.0
18580,78.0
18581,155.0
18582,159.0
18583,107.0
18584,80.0
18585,80.0
18586,80.0
18587,80.0
18588,80.0
18589,84.0
18590,159.0
18591,157.0
18592,157.0
18593,153.0
18594,80.0
18595,80.0
18596,80.0
18597,80.0
18598,80.0
18599,80.0
18600,80.0
18601,80.0
18602,80.0
18603,80.0
18604,80.0
18605,80.0
18606,80.0
18607,80.0
18608,80.0
18609,80.0
18610,80.0
18611,80.0
18612,78.0
18613,78.0
18614,78.0
18615,78.0
18616,78.0
18617,78.0
18618,78.0
18619,78.0
18620,78.0
18621,78.0
18622,78.0
18623,78.0
18624,78.0
18625,78.0
18626,78.0
18627,78.0
18628,78.0
18629,78.0
18630,80.0
18631,80.0
18632,80.0
18633,80.0
18634,80.0
18635,80.0
18636,80.0
18637,80.0
18638,80.0
18639,80.0
18640,80.0
18641,84.0
18642,78.0
18643,78.0
18644,78.0
18645,78.0
18646,78.0
18647,78.0
18648,78.0
18649,78.0
18650,78.0
18651,78.0
18652,78.0
18653,78.0
18654,78.0
18655,78.0
18656,78.0
18657,78.0
18658,78.0
18659,78.0
18660,78.0
18661,78.0
18662,78.0
18663,78.0
18664,78.0
18665,78.0
18666,78.0
18667,78.0
18668,78.0
18669,78.0
18670,78.0
18671,78.0
18672,78.0
18673,78.0
18674,78.0
18675,78.0
18676,78.0
18677,78.0
18678,78.0
18679,78.0
18680,78.0
18681,78.0
18682,78.0
18683,78.0
18684,78.0
18685,78.0
18686,78.0
18687,78.0
18688,78.0
18689,78.0
18690,78.0
18691,78.0
18692,78.0
18693,78.0
18694,78.0
18695,78.0
18696,78.0
18697,78.0
18698,78.0
18699,78.0
18700,78.0
18701,78.0
18702,78.0
18703,153.0
18704,153.0
18705,153.0
18706,153.0
18707,78.0
18708,155.0
18709,78.0
18710,78.0
18711,78.0
18712,78.0
18713,78.0
18714,78.0
18715,78.0
18716,78.0
18717,78.0
18718,78.0
18719,78.0
18720,78.0
18721,78.0
18722,78.0
18723,155.0
18724,155.0
18725,152.0
18726,140.0
18727,125.0
18728,107.0
18729,92.0
18730,78.0
18731,78.0
18732,78.0
18733,78.0
18734,78.0
18735,78.0
18736,78.0
18737,78.0
18738,78.0
18739,78.0
18740,78.0
18741,78.0
18742,78.0
18743,78.0
18744,78.0
18745,78.0
18746,78.0
18747,78.0
18748,78.0
18749,78.0
18750,78.0
18751,78.0
18752,78.0
18753,78.0
18754,78.0
18755,78.0
18756,78.0
18757,78.0
18758,78.0
18759,78.0
18760,78.0
18761,78.0
18762,78.0
18763,78.0
18764,96.0
18765,96.0
18766,96.0
18767,96.0
18768,96.0
18769,96.0
18770,96.0
18771,96.0
18772,96.0
18773,96.0
18774,96.0
18775,96.0
18776,96.0
18777,96.0
18778,96.0
18779,96.0
18780,96.0
18781,96.0
18782,96.0
18783,96.0
18784,0
